Pmax,IS,Pmax_sin,Pmax_cos,alpakas_id,P1,P2,P3,P4,P5,P6,P7,P8,P9,P10,P11,P12,cluster_hierarchical
2.062408944238328,41.34987616368975,0.8660254037844387,-0.4999999999999998,AT-0001,0.48290226095584454,0.5723398050030178,1.0998875315168881,1.899864307482829,2.062408944238328,1.2766655187549354,1.0522525650440477,0.8889273279801383,1.1204807432824835,0.7271790596616698,0.4008072946113654,0.4774187224647063,0
1.9724307833717496,39.438877663575454,1.0,6.123233995736766e-17,AT-0004,0.580162004165123,0.7463542033918619,1.2178601900051098,1.9724307833717496,1.9310304482879612,1.2286058903308426,0.7803018597414632,0.9885918037100501,0.9318426099160795,0.7621224353828681,0.35726131070344225,0.4706257653557199,0
2.7221124600684163,56.91346981006261,0.8660254037844387,-0.4999999999999998,AT-0005,0.297161500532341,0.2671088828485041,0.46972481292406637,1.3236564084230067,2.7221124600684163,2.0566637904562017,1.2865809728856032,1.0063162935945502,0.9548891171157549,0.6892587189810566,0.5267301902341961,0.3608403255843459,1
2.196604632693268,41.09205582398508,0.8660254037844387,-0.4999999999999998,AT-0006,0.4570350984751883,0.4920522160323838,0.995400189777721,1.8261758780890784,2.196604632693268,1.3815791085314897,1.0498588619509461,0.8920977807507701,0.9867329851479495,0.6896029457832159,0.5509483839693318,0.4593021824500125,0
1.6711810494532058,25.591293922762453,1.0,6.123233995736766e-17,AT-0007,0.7494706444491597,0.8730992016086875,1.361197665421978,1.6711810494532058,1.4385863220236426,1.0776640318375492,0.9555473439327197,0.8531267943965655,0.8626596624302626,0.6778177419149809,0.68924899642569,0.8167034128468156,0
2.052774007742253,36.79343214001054,0.8660254037844387,-0.4999999999999998,AT-0008,0.5785090508674414,0.5497989531195377,0.9860346903044762,1.6527400934041558,2.052774007742253,1.3488275587348804,1.0369418721826296,0.9081357833914666,1.084933617528646,0.7633175266815891,0.4775455156725009,0.4976637727542875,0
2.278499563983488,62.955324956460665,0.8660254037844387,-0.4999999999999998,AT-0009,0.19049862678331345,0.22034555695974709,0.4714069288277482,1.1855435685848907,2.278499563983488,2.1315910311692696,1.6217706553177413,1.3667366634971154,1.1722301694966606,0.7194556470329463,0.38732724375260896,0.21269865391752057,1
1.9333936724388538,42.916800167275056,0.8660254037844387,-0.4999999999999998,AT-0010,0.4213103069592341,0.37648674503793467,0.5563889894370349,1.1278480365398187,1.9333936724388538,1.9141440097030238,1.3151020022173137,1.1315393282239392,1.1362998415664625,0.8609528338045279,0.7110029539826579,0.4821690413950149,1
2.408008114316423,50.13694802252334,0.8660254037844387,-0.4999999999999998,AT-0011,0.40324651893027347,0.3794052480341751,0.5099912833320291,1.327543834176507,2.408008114316423,2.0249743444248107,1.206205840368808,1.0113324791382665,1.0166447370506853,0.7462163688901519,0.5324257512837565,0.406990416302314,1
1.846371752025695,47.72257990751655,0.8660254037844387,-0.4999999999999998,AT-0012,0.26665426990252405,0.35278943932782714,0.5434747033520501,1.3572617486379779,1.846371752025695,1.747689682380165,1.4034914706800603,1.2893910665220318,1.1718383678306297,1.0312345861776906,0.5993415995224848,0.35830907324737793,1
1.8940913984751417,46.95512707429809,0.49999999999999994,-0.8660254037844387,AT-0013,0.4503306998817239,0.35110630056111186,0.3422935347144607,0.637958708648973,1.7240501607128451,1.8940913984751417,1.5163375604044764,1.3984748127856275,1.2659368068117423,1.0101778498494,0.7992904949066196,0.5934736014105735,1
2.2420550463090057,43.10715012325853,0.8660254037844387,-0.4999999999999998,AT-0014,0.4297832403813233,0.4103044162951607,0.4785632714597697,1.1233894675977334,2.2420550463090057,1.682464284397421,1.1602867348309012,1.1656317201850337,1.133272898341142,0.8763281010470704,0.6670676192282319,0.4721954884586589,1
1.1725742461366846,13.660624481105742,-0.4999999999999997,-0.8660254037844388,AT-0015,0.7745904811484887,0.7305889734787293,0.7937935933032416,0.9983308504197299,1.105587636561555,1.122164581827056,1.1360284977020814,1.1725742461366846,1.1669901016019677,1.1000999774930134,0.9934824166793457,0.8733837885601338,2
1.2879850719026353,19.713502651424605,0.8660254037844387,-0.4999999999999998,AT-0018,0.7031168971362415,0.73481418964895,1.0366492872651694,1.2085439102011695,1.2879850719026353,1.280792393142808,1.1911427353634714,1.1400755721157567,0.9889215875977803,0.8647153664972729,0.7668572922881527,0.7211433186516606,2
1.162704022694896,6.3071615028132815,-0.8660254037844386,0.5000000000000001,AT-0019,0.9652760630790567,0.8688236303523431,0.8257241844488485,1.0017132609768777,1.0716953803760354,1.0480723781369563,1.0234358737455733,0.9917267347317602,1.008939350444475,0.9680039576693975,1.162704022694896,1.0598536842441861,2
1.1205706172169372,7.221567422176893,0.8660254037844387,-0.4999999999999998,AT-0020,0.8853681952253005,0.8732775160189357,0.9545504357784959,1.09808710330007,1.1205706172169372,1.086379127326298,1.0604162113620104,1.038037326582026,1.022927237673164,0.9939439657108438,0.9533194586424462,0.8993699614232564,2
1.622501894935516,28.74489936207833,0.8660254037844387,-0.4999999999999998,AT-0021,0.5706063533961412,0.6396989291768824,1.0267835183867224,1.4422942257555824,1.622501894935516,1.4045841503940402,1.0967587684759001,1.059471404495878,1.089613923144196,0.849625467642506,0.658694919429428,0.5739942924934784,0
1.842643907397154,29.836689474771163,1.0,6.123233995736766e-17,AT-0022,0.5363454157799546,0.6338302392954164,1.2834215952745782,1.842643907397154,1.2645031593790952,1.1761858421898272,1.0302500327118609,1.0540061199307342,1.1064969408996628,0.8693595853879414,0.62977255311176,0.5077970672353006,0
1.150062162395265,9.946161061121868,-0.8660254037844386,0.5000000000000001,AT-0023,0.830342617738798,0.7626000856253398,0.8517802121182809,0.9920171254256009,1.1022231941589686,1.122727167490893,1.0791094717473577,1.0359066140090258,1.0330541662458026,1.0573639979423957,1.150062162395265,0.9501674057470645,2
1.9329874410060355,50.06105416843011,0.49999999999999994,-0.8660254037844387,AT-0024,0.401294205977787,0.32817305655550083,0.32652726584395897,0.716402196807211,1.6939203728576362,1.9329874410060355,1.6320537016038437,1.469221648912645,1.2772862787977854,1.0028887963646835,0.7145150975887247,0.5141199165578327,1
2.005958075464524,39.85138992304638,0.49999999999999994,-0.8660254037844387,AT-0025,0.5655335256219978,0.45090359484069775,0.3929695533434659,0.5760270060156685,1.297130520266702,2.005958075464524,1.5132424951532508,1.3229407081866122,1.2063325029060703,1.0672278243449052,0.9063611250145279,0.7388705307201413,1
1.9368156337249365,43.52199171753634,1.0,6.123233995736766e-17,AT-0026,0.42533830988117355,0.4671159085381435,0.8249827310979808,1.9368156337249365,1.7936504871753989,1.515966237500138,1.1759886023681696,1.0782337294816309,1.1356697219283467,0.7990058271713351,0.5959528509770509,0.30128977840857557,0
1.8008460726820057,26.525754849288713,1.0,6.123233995736766e-17,AT-0027,0.8029314564146522,0.8394856713266733,1.4406584166117726,1.8008460726820057,1.3008101683504678,0.9839113618967112,0.9206013476380397,0.6579446545728567,1.029171793961613,0.7459239942602254,0.6550135000564248,0.7825838835256305,0
1.8448184041008455,25.91008141713645,1.0,6.123233995736766e-17,AT-0029,0.8214055333874434,0.8886380284048835,1.4246740982468342,1.8448184041008455,1.3427805558706885,1.0053247992886247,0.8647930231502177,0.8380060011077002,0.9661380819392894,0.782686021660273,0.6387829308011767,0.7079384669996351,0
1.5417113559064342,23.75363883523331,1.0,6.123233995736766e-17,AT-0030,0.8485648288804938,0.8912634232762123,1.2207078440264616,1.5417113559064342,1.1444989376476975,1.3069414939057782,0.7914672383426127,1.0705393606277833,1.0719080231661944,0.6392338294047192,0.600934816444628,0.7344062187036857,0
1.4624595684946067,18.218004769538656,0.8660254037844387,-0.4999999999999998,AT-0033,0.7821086780335714,0.7135845787043869,0.7560972642640512,1.0806767930229857,1.4624595684946067,1.2199990745662481,0.8987946058692468,0.9344962707458678,0.8597073135335678,1.000366553009592,1.3249502983161479,0.9575030039142499,2
1.7607021308971318,37.7568394366541,0.49999999999999994,-0.8660254037844387,AT-0035,0.5292559080196995,0.4877236322449756,0.6215518945997004,1.0462895631178863,1.731309367782621,1.7607021308971318,1.363014307034847,1.3015460920716795,1.1216272772379847,0.8814413658408864,0.6976615302899902,0.5760336747484065,1
2.1998151580363476,57.471259832398744,0.49999999999999994,-0.8660254037844387,AT-0037,0.4008796877431504,0.37591870016124973,0.3731845630361712,0.42923527023600677,1.354076270933546,2.1998151580363476,1.9834721044067545,1.6235221869820202,1.3118653505615168,0.9677099148358127,0.5819660253381276,0.4473057296818184,1
2.4503819972582366,55.188402565686744,0.8660254037844387,-0.4999999999999998,AT-0038,0.2942647764757321,0.3437849995334825,0.7881079974189117,1.7498239194363492,2.4503819972582366,1.8901022276519102,1.1999647761862577,0.963358388436867,0.850942994801225,0.6967312387738845,0.39325708854583097,0.3372171286644092,1
1.9362916016219065,35.27224365681713,0.8660254037844387,-0.4999999999999998,AT-0039,0.556140204862869,0.5404609985110533,0.5751782726532003,1.007760012792548,1.9362916016219065,1.9139363234807107,1.1627897626829196,1.0701322137128877,0.9515328333600227,0.8903431072260779,0.7273346474643073,0.6172506113953861,1
1.7300273830820956,29.18141648779179,0.8660254037844387,-0.4999999999999998,AT-0040,0.598051022592506,0.5698236333735932,0.8970137122847336,1.596031208703931,1.7300273830820956,1.2540802810022307,1.1075475409005349,0.9709824243193425,1.0237455915224705,0.801793973346332,0.744503136565355,0.627494124194386,0
1.077319884059717,6.0148154887117,-0.8660254037844385,-0.5000000000000004,AT-0041,0.874344084416375,0.9103138557807475,0.9607223914395167,0.9638723706421252,0.9313993985923539,1.0082802338206704,1.0685490049942075,1.0727012079207574,1.077319884059717,1.0518750325979271,1.0614921136303264,0.9777875175070835,2
3.255337143444374,61.2034407998842,0.8660254037844387,-0.4999999999999998,AT-0043,0.3592599483889707,0.36721045126973606,0.6810985109600473,2.085171109623003,3.255337143444374,1.3798255135096333,0.8431892201233417,0.7366783123066247,0.8691414925675903,0.6530055872525288,0.4923041164382062,0.3740332312838607,1
1.7483403815815572,29.921199075266085,1.0,6.123233995736766e-17,AT-0046,0.6303414965857471,0.6358863387089834,0.9453295084991639,1.7483403815815572,1.7406245415154538,1.2862736393529082,0.9800577409774934,0.9229730593343837,1.0146255703671356,0.7875879711917969,0.7024267614618919,0.5947173670256641,0
1.3126769928260162,16.772401330211686,0.49999999999999994,-0.8660254037844387,AT-0053,0.7659895361288158,0.7348184889667966,0.8089660257169193,1.0683370563432162,1.2388023978589147,1.3126769928260162,1.1966228256786307,1.1468329115273708,1.0903870780219036,0.9920673438317573,0.91529270762352,0.8238370003628406,2
1.8273694913089855,37.72057354096308,0.49999999999999994,-0.8660254037844387,AT-0055,0.566430742344234,0.4652245123614091,0.4173758001421391,0.6492583451541193,1.4295140742048331,1.8273694913089855,1.4916871514684984,1.2817744171191705,1.2213547555519733,1.0152212505776776,0.9365250304666483,0.7056378848470191,1
1.0868890131438953,5.9378249860169765,-0.8660254037844385,-0.5000000000000004,AT-0056,0.9503655645134704,0.9133052097716564,0.9052637428885297,0.9285219919860219,0.9617847987775023,1.032335842238586,1.0568358389985495,1.0791656550502624,1.0868890131438953,1.0692060249706172,1.04454016279704,1.0028077690602675,2
1.1320952890520601,8.783093501768747,0.8660254037844387,-0.4999999999999998,AT-0058,0.9182583154645958,0.8335195176618045,0.8071146576850193,0.9283663650398718,1.1320952890520601,1.1156059003201526,1.0398722548965544,1.001751185398647,1.0340391788681562,1.0694602306293464,1.0825751213467094,1.0658309155519148,2
2.989563413548545,66.44109517029001,0.49999999999999994,-0.8660254037844387,AT-0060,0.2214336740844098,0.17898867835140525,0.19798757379173254,0.724339257144491,2.1836523768546705,2.989563413548545,1.537754243936158,1.259158382200663,0.9964758799155031,0.7815392527755551,0.5804030535983835,0.31602962644375615,1
1.3248223425881804,23.755018772227785,0.8660254037844387,-0.4999999999999998,AT-0062,0.689297464885233,0.4433441145243521,0.4298554236028069,1.030177839476249,1.3248223425881804,1.2224612704918574,1.0712864312186288,1.0818548197266742,1.2028482609382452,1.1740127336502069,1.2936152275569526,1.0120203300327313,2
2.285216585545272,39.15445567997522,0.8660254037844387,-0.4999999999999998,AT-0063,0.474861805284967,0.5307013284053522,0.6624326295557582,1.7507451820282918,2.285216585545272,1.2585930305817954,0.9569631766252223,1.043360996742821,0.8835545433437144,0.8469113559430336,0.789135634913212,0.4948206392298949,0
1.439715147675157,22.99621815286258,1.0,6.123233995736766e-17,CH-0001,1.1366461579199787,1.0694409115889274,1.3045279315805998,1.439715147675157,1.276251009626303,1.0478536174028548,0.6901365752362025,0.526495815639546,0.6690092218922722,0.8533966133910845,0.8850033298805744,1.1091529585893682,3
1.4667553750109164,28.065996808962463,0.8660254037844386,0.5000000000000001,CH-0004,1.2017336787184167,1.1615972699928852,1.4667553750109164,1.4196308913062892,0.9605883017062428,0.7759993502111746,0.6068837866594794,0.4908698027412734,0.6210993155682658,0.8659541757610816,1.0664175657164496,1.373179568978056,3
2.469539053151345,60.137879132243896,0.8660254037844387,-0.4999999999999998,CH-0005,0.1926470708874591,0.16292521186095635,0.43424222838282694,1.064094155195564,2.469539053151345,2.300730631784872,1.5886661983824555,1.143769091859555,1.0185122785733012,0.7494705500281166,0.5186627846986305,0.3108180672198347,1
1.1522746897614753,8.630488566992835,0.8660254037844386,0.5000000000000001,CH-0006,1.1244329315902128,1.113245266762818,1.1522746897614753,1.095216044624267,1.008296407538498,0.9565576434384521,0.9243775536174862,0.8995567369545038,0.876801668337214,0.8909521857541098,0.9364660654182226,1.0269051412818577,2
1.6021143948798042,35.235349364393045,0.8660254037844386,0.5000000000000001,CH-0008,1.1538212725201478,0.9297703136004732,1.6021143948798042,1.5795289400575214,1.1351001151067273,0.6332245582311777,0.5278055578029305,0.47457477880276383,0.5592209870707308,0.7544828516240442,1.107865629764888,1.5288906185301971,3
1.1437296975862787,10.066570141584872,0.8660254037844387,-0.4999999999999998,CH-0010,1.0339321234518382,1.079078479643801,1.0910779306058624,1.1233509417760923,1.1437296975862787,1.0919725821160873,1.0510839487295756,0.9740583768422887,0.8829960097385819,0.8197651263972316,0.811601007006783,0.9178167669344657,2
1.3924415008763082,24.591973125731943,0.8660254037844386,0.5000000000000001,CH-0012,1.1610155760261232,1.3512492241049143,1.3924415008763082,1.314713336552712,1.2033499441085107,1.0582885118145637,0.9481379620045305,0.8151887982819478,0.6852187234609428,0.6173379106520424,0.6337295159390813,0.8304084080567542,3
1.159635822217855,10.549611360029775,1.0,6.123233995736766e-17,CH-0016,1.0889327001214364,1.1074894641471187,1.1280891176587524,1.159635822217855,1.1076533018160637,1.0475623401016405,0.968991106458454,0.9060279396204534,0.8566508377360136,0.8320533800015029,0.8593089642729204,0.9503771547699494,2
1.6101700238929124,40.23688582273216,0.0,1.0,CH-0018,1.6101700238929124,1.510619554408553,1.5173052466907846,1.164730348045517,1.075821307817144,0.8416005921601771,0.6301760464894037,0.29015191531941975,0.2730633058572585,0.5432930722119337,0.9931032024146732,1.521167952325815,3
1.7673216675528456,36.50403924906803,0.0,1.0,CH-0026,1.7673216675528456,1.3591952001848593,1.1262354711108018,1.3998849653801888,1.3897215362590558,0.9999834604717852,0.3666457500025864,0.21768868968514032,0.3510615421380641,0.884400313790534,1.1299987673963763,1.0279068580921462,3
1.7333847584747044,33.729306878760504,0.8660254037844386,0.5000000000000001,DE-0015,1.2631115039598273,1.442509822406877,1.7333847584747044,1.4813771711488979,1.0299315827754274,0.9567138369154076,0.7169379263654873,0.5456593115346248,0.4962848482323778,0.5506042417948505,0.7172934118352653,1.0806955633635404,3
1.2575914792169622,11.196341053636184,0.49999999999999994,0.8660254037844387,DE-0019,1.2541600437807536,1.2575914792169622,1.1540742838976157,1.0092428350138978,0.9770087534944921,1.0009277330022017,0.9546183351107793,0.9140437882704638,0.8759988077570059,0.8070177517937854,0.8216321237346396,0.9821158883139227,2
1.7500650737103933,46.37060758490279,0.0,1.0,FR-0007,1.7500650737103933,1.6007704259318776,1.6666415324119956,1.1216298529389577,0.9452851610368255,0.6689695909868162,0.41849230240423907,0.26710262586444977,0.34705938642758016,0.6443582977861916,1.167725123360406,1.548908266340807,3
1.6007732447816436,34.131544991111866,-0.5000000000000004,0.8660254037844384,FR-0011,1.4655522013964548,1.4103717594512253,1.384236511511839,1.0024687722275871,0.8971616833125295,0.7363142025829372,0.5374827471875795,0.35961202134686887,0.5067105467342052,0.9207492732357498,1.1904133839645452,1.6007732447816436,3
1.7146656859435212,40.52428733112279,-0.5000000000000004,0.8660254037844384,FR-0013,1.470404968434153,1.5132257316862976,1.382196323008339,1.0401880565921957,0.8691187172567857,0.6291855698581574,0.4466550228141165,0.2652954183838911,0.4563682607559988,0.9073246410815259,1.316181344220706,1.7146656859435212,3
1.31932460933887,29.003441800665076,0.8660254037844386,0.5000000000000001,FR-0024,1.2689058320522923,1.2912924602200153,1.31932460933887,1.2657962913201264,1.2928150637227007,0.9846956343725527,0.6617392233468073,0.49462551773767405,0.4662923763184144,0.6622155718494986,1.0836500985868285,1.228196984463923,3
1.7898624679622936,39.22364734070482,0.49999999999999994,0.8660254037844387,FR-0034,1.6384393296396373,1.7898624679622936,1.1113375328946782,0.8226395600456505,1.0274677415858293,0.578370488485839,0.6391194785041124,0.3451061784883181,0.2950353576027605,0.9903504334623453,1.1090306257110178,1.701321479680148,3
1.9363689312594177,50.89218128345742,0.49999999999999994,0.8660254037844387,SI-0012,0.8549657275787161,1.9363689312594177,1.5924540554249214,0.8897192306588165,0.5542900871432427,0.36355488820514964,0.19259105899272416,0.20590520838040874,1.128787918405168,0.989890697581225,1.807359595347865,1.6930081521178,3
1.5549068868252016,31.77598301233185,-0.8660254037844386,0.5000000000000001,SI-0016,1.1643094175411806,1.030735498333844,1.1922108091676102,1.3239780182711254,0.8602689110278258,0.6827695945287199,0.45386092187350047,0.3752515200649781,0.727095665038703,1.1270845118785529,1.5549068868252016,1.5191394319960352,3
1.895017097383772,35.0864873988949,-0.8660254037844386,0.5000000000000001,SI-0035,1.0932937797935456,0.9935704967730645,1.2269557596466656,1.33054965338056,0.8698450331483747,0.6731731926524055,0.39157203679025293,0.2872976241542032,0.7958713488164865,0.891915127007331,1.895017097383772,1.5678070570049631,3
1.1827144933965115,12.842954224711237,-0.5000000000000004,0.8660254037844384,SI-0038,1.0994586956210668,1.026547037191062,1.088570936157216,1.174049054337979,1.0836313339090193,0.9779618060635185,0.8374904284830662,0.6825116594618166,0.7768154298103415,0.9567451640876713,1.1177074442589074,1.1827144933965115,2
1.4024954885470355,28.184170230740857,-0.8660254037844386,0.5000000000000001,SI-0042,1.0310426578319447,1.32474083518376,1.2925348729037223,1.3019654274884254,0.970370491474051,0.7297594148061038,0.5666768654298967,0.46630446599456626,0.7309442037850657,0.8616265469801181,1.4024954885470355,1.3550031342038165,3
