"date","discharge","qc_flag","qc_type","qc_detect_method","temp_res","temp_res_dom","dq_issue","cpd_segment_id","cpd_segment_main"
"2004-06-01",0.543,FALSE,NA,NA,"<= day","daily",NA,NA,NA
"2004-06-02",0.544,FALSE,NA,NA,"<= day","daily",NA,NA,NA
"2004-06-03",1.113,FALSE,NA,NA,"<= day","daily",NA,NA,NA
"2004-06-04",1.139,FALSE,NA,NA,"<= day","daily",NA,NA,NA
"2004-06-05",1.081,FALSE,NA,NA,"<= day","daily",NA,NA,NA
"2004-06-06",1.06,FALSE,NA,NA,"<= day","daily",NA,NA,NA
"2004-06-07",1.011,FALSE,NA,NA,"<= day","daily",NA,NA,NA
"2004-06-08",0.968,FALSE,NA,NA,"<= day","daily",NA,NA,NA
"2004-06-09",0.94,FALSE,NA,NA,"<= day","daily",NA,NA,NA
"2004-06-10",0.903,FALSE,NA,NA,"<= day","daily",NA,NA,NA
"2004-06-11",0.884,FALSE,NA,NA,"<= day","daily",NA,NA,NA
"2004-06-12",0.875,FALSE,NA,NA,"<= day","daily",NA,NA,NA
"2004-06-13",0.842,FALSE,NA,NA,"<= day","daily",NA,NA,NA
"2004-06-14",0.823,FALSE,NA,NA,"<= day","daily",NA,NA,NA
"2004-06-15",0.808,FALSE,NA,NA,"<= day","daily",NA,NA,NA
"2004-06-16",0.794,FALSE,NA,NA,"<= day","daily",NA,NA,NA
"2004-06-17",0.782,FALSE,NA,NA,"<= day","daily",NA,NA,NA
"2004-06-18",0.769,FALSE,NA,NA,"<= day","daily",NA,NA,NA
"2004-06-19",0.755,FALSE,NA,NA,"<= day","daily",NA,NA,NA
"2004-06-20",0.742,FALSE,NA,NA,"<= day","daily",NA,NA,NA
"2004-06-21",0.723,FALSE,NA,NA,"<= day","daily",NA,NA,NA
"2004-06-22",0.704,FALSE,NA,NA,"<= day","daily",NA,NA,NA
"2004-06-23",0.69,FALSE,NA,NA,"<= day","daily",NA,NA,NA
"2004-06-24",0.681,FALSE,NA,NA,"<= day","daily",NA,NA,NA
"2004-06-25",0.663,FALSE,NA,NA,"<= day","daily",NA,NA,NA
"2004-06-26",0.652,FALSE,NA,NA,"<= day","daily",NA,NA,NA
"2004-06-27",0.633,FALSE,NA,NA,"<= day","daily",NA,NA,NA
"2004-06-28",0.621,FALSE,NA,NA,"<= day","daily",NA,NA,NA
"2004-06-29",0.608,FALSE,NA,NA,"<= day","daily",NA,NA,NA
"2004-06-30",0.6,FALSE,NA,NA,"<= day","daily",NA,NA,NA
"2004-07-01",0.589,FALSE,NA,NA,"<= day","daily",NA,NA,NA
"2004-07-02",0.586,FALSE,NA,NA,"<= day","daily",NA,NA,NA
"2004-07-03",0.582,FALSE,NA,NA,"<= day","daily",NA,NA,NA
"2004-07-04",0.578,FALSE,NA,NA,"<= day","daily",NA,NA,NA
"2004-07-05",0.572,FALSE,NA,NA,"<= day","daily",NA,NA,NA
"2004-07-06",0.566,FALSE,NA,NA,"<= day","daily",NA,NA,NA
"2004-07-07",0.57,FALSE,NA,NA,"<= day","daily",NA,NA,NA
"2004-07-08",0.574,FALSE,NA,NA,"<= day","daily",NA,NA,NA
"2004-07-09",0.572,FALSE,NA,NA,"<= day","daily",NA,NA,NA
"2004-07-10",0.561,FALSE,NA,NA,"<= day","daily",NA,NA,NA
"2004-07-11",0.549,FALSE,NA,NA,"<= day","daily",NA,NA,NA
"2004-07-12",0.554,FALSE,NA,NA,"<= day","daily",NA,NA,NA
"2004-07-13",0.546,FALSE,NA,NA,"<= day","daily",NA,NA,NA
"2004-07-14",0.539,FALSE,NA,NA,"<= day","daily",NA,NA,NA
"2004-07-15",0.531,FALSE,NA,NA,"<= day","daily",NA,NA,NA
"2004-07-16",0.522,FALSE,NA,NA,"<= day","daily",NA,NA,NA
"2004-07-17",0.517,FALSE,NA,NA,"<= day","daily",NA,NA,NA
"2004-07-18",0.51,FALSE,NA,NA,"<= day","daily",NA,NA,NA
"2004-07-19",0.501,FALSE,NA,NA,"<= day","daily",NA,NA,NA
"2004-07-20",0.496,FALSE,NA,NA,"<= day","daily",NA,NA,NA
"2004-07-21",0.495,FALSE,NA,NA,"<= day","daily",NA,NA,NA
"2004-07-22",0.504,FALSE,NA,NA,"<= day","daily",NA,NA,NA
"2004-07-23",0.493,FALSE,NA,NA,"<= day","daily",NA,NA,NA
"2004-07-24",0.491,FALSE,NA,NA,"<= day","daily",NA,NA,NA
"2004-07-25",0.488,FALSE,NA,NA,"<= day","daily",NA,NA,NA
"2004-07-26",0.48,FALSE,NA,NA,"<= day","daily",NA,NA,NA
"2004-07-27",0.476,FALSE,NA,NA,"<= day","daily",NA,NA,NA
"2004-07-28",0.469,FALSE,NA,NA,"<= day","daily",NA,NA,NA
"2004-07-29",0.465,FALSE,NA,NA,"<= day","daily",NA,NA,NA
"2004-07-30",0.462,FALSE,NA,NA,"<= day","daily",NA,NA,NA
"2004-07-31",0.461,FALSE,NA,NA,"<= day","daily",NA,NA,NA
"2004-08-01",0.465,FALSE,NA,NA,"<= day","daily",NA,NA,NA
"2004-08-02",0.461,FALSE,NA,NA,"<= day","daily",NA,NA,NA
"2004-08-03",0.463,FALSE,NA,NA,"<= day","daily",NA,NA,NA
"2004-08-04",0.469,FALSE,NA,NA,"<= day","daily",NA,NA,NA
"2004-08-05",0.471,FALSE,NA,NA,"<= day","daily",NA,NA,NA
"2004-08-06",0.466,FALSE,NA,NA,"<= day","daily",NA,NA,NA
"2004-08-07",0.452,FALSE,NA,NA,"<= day","daily",NA,NA,NA
"2004-08-08",0.444,FALSE,NA,NA,"<= day","daily",NA,NA,NA
"2004-08-09",0.438,FALSE,NA,NA,"<= day","daily",NA,NA,NA
"2004-08-10",0.439,FALSE,NA,NA,"<= day","daily",NA,NA,NA
"2004-08-11",0.444,FALSE,NA,NA,"<= day","daily",NA,NA,NA
"2004-08-12",0.446,FALSE,NA,NA,"<= day","daily",NA,NA,NA
"2004-08-13",0.461,FALSE,NA,NA,"<= day","daily",NA,NA,NA
"2004-08-14",0.459,FALSE,NA,NA,"<= day","daily",NA,NA,NA
"2004-08-15",0.455,FALSE,NA,NA,"<= day","daily",NA,NA,NA
"2004-08-16",0.446,FALSE,NA,NA,"<= day","daily",NA,NA,NA
"2004-08-17",0.449,FALSE,NA,NA,"<= day","daily",NA,NA,NA
"2004-08-18",0.444,FALSE,NA,NA,"<= day","daily",NA,NA,NA
"2004-08-19",0.444,FALSE,NA,NA,"<= day","daily",NA,NA,NA
"2004-08-20",0.451,FALSE,NA,NA,"<= day","daily",NA,NA,NA
"2004-08-21",0.448,FALSE,NA,NA,"<= day","daily",NA,NA,NA
"2004-08-22",0.446,FALSE,NA,NA,"<= day","daily",NA,NA,NA
"2004-08-23",0.443,FALSE,NA,NA,"<= day","daily",NA,NA,NA
"2004-08-24",0.439,FALSE,NA,NA,"<= day","daily",NA,NA,NA
"2004-08-25",0.44,FALSE,NA,NA,"<= day","daily",NA,NA,NA
"2004-08-26",0.437,FALSE,NA,NA,"<= day","daily",NA,NA,NA
"2004-08-27",0.433,FALSE,NA,NA,"<= day","daily",NA,NA,NA
"2004-08-28",0.423,FALSE,NA,NA,"<= day","daily",NA,NA,NA
"2004-08-29",0.422,FALSE,NA,NA,"<= day","daily",NA,NA,NA
"2004-08-30",0.428,FALSE,NA,NA,"<= day","daily",NA,NA,NA
"2004-08-31",0.428,FALSE,NA,NA,"<= day","daily",NA,NA,NA
"2004-09-01",0.422,FALSE,NA,NA,"<= day","daily",NA,NA,NA
"2004-09-02",0.411,FALSE,NA,NA,"<= day","daily",NA,NA,NA
"2004-09-03",0.404,FALSE,NA,NA,"<= day","daily",NA,NA,NA
"2004-09-04",0.399,FALSE,NA,NA,"<= day","daily",NA,NA,NA
"2004-09-05",0.392,FALSE,NA,NA,"<= day","daily",NA,NA,NA
"2004-09-06",0.389,FALSE,NA,NA,"<= day","daily",NA,NA,NA
"2004-09-07",0.385,FALSE,NA,NA,"<= day","daily",NA,NA,NA
"2004-09-08",0.384,FALSE,NA,NA,"<= day","daily",NA,NA,NA
"2004-09-09",0.382,FALSE,NA,NA,"<= day","daily",NA,NA,NA
"2004-09-10",0.385,FALSE,NA,NA,"<= day","daily",NA,NA,NA
"2004-09-11",0.381,FALSE,NA,NA,"<= day","daily",NA,NA,NA
"2004-09-12",0.403,FALSE,NA,NA,"<= day","daily",NA,NA,NA
"2004-09-13",0.404,FALSE,NA,NA,"<= day","daily",NA,NA,NA
"2004-09-14",0.408,FALSE,NA,NA,"<= day","daily",NA,NA,NA
"2004-09-15",0.412,FALSE,NA,NA,"<= day","daily",NA,NA,NA
"2004-09-16",0.407,FALSE,NA,NA,"<= day","daily",NA,NA,NA
"2004-09-17",0.406,FALSE,NA,NA,"<= day","daily",NA,NA,NA
"2004-09-18",0.404,FALSE,NA,NA,"<= day","daily",NA,NA,NA
"2004-09-19",0.403,FALSE,NA,NA,"<= day","daily",NA,NA,NA
"2004-09-20",0.405,FALSE,NA,NA,"<= day","daily",NA,NA,NA
"2004-09-21",0.399,FALSE,NA,NA,"<= day","daily",NA,NA,NA
"2004-09-22",0.399,FALSE,NA,NA,"<= day","daily",NA,NA,NA
"2004-09-23",0.395,FALSE,NA,NA,"<= day","daily",NA,NA,NA
"2004-09-24",0.409,FALSE,NA,NA,"<= day","daily",NA,NA,NA
"2004-09-25",0.417,FALSE,NA,NA,"<= day","daily",NA,NA,NA
"2004-09-26",0.417,FALSE,NA,NA,"<= day","daily",NA,NA,NA
"2004-09-27",0.414,FALSE,NA,NA,"<= day","daily",NA,NA,NA
"2004-09-28",0.409,FALSE,NA,NA,"<= day","daily",NA,NA,NA
"2004-09-29",0.403,FALSE,NA,NA,"<= day","daily",NA,NA,NA
"2004-09-30",0.398,FALSE,NA,NA,"<= day","daily",NA,NA,NA
"2004-10-01",0.401,FALSE,NA,NA,"<= day","daily",NA,NA,NA
"2004-10-02",0.402,FALSE,NA,NA,"<= day","daily",NA,NA,NA
"2004-10-03",0.403,FALSE,NA,NA,"<= day","daily",NA,NA,NA
"2004-10-04",0.407,FALSE,NA,NA,"<= day","daily",NA,NA,NA
"2004-10-05",0.398,FALSE,NA,NA,"<= day","daily",NA,NA,NA
"2004-10-06",0.395,FALSE,NA,NA,"<= day","daily",NA,NA,NA
"2004-10-07",0.396,FALSE,NA,NA,"<= day","daily",NA,NA,NA
"2004-10-08",0.394,FALSE,NA,NA,"<= day","daily",NA,NA,NA
"2004-10-09",0.399,FALSE,NA,NA,"<= day","daily",NA,NA,NA
"2004-10-10",0.42,FALSE,NA,NA,"<= day","daily",NA,NA,NA
"2004-10-11",0.453,FALSE,NA,NA,"<= day","daily",NA,NA,NA
"2004-10-12",0.439,FALSE,NA,NA,"<= day","daily",NA,NA,NA
"2004-10-13",0.432,FALSE,NA,NA,"<= day","daily",NA,NA,NA
"2004-10-14",0.429,FALSE,NA,NA,"<= day","daily",NA,NA,NA
"2004-10-15",0.499,FALSE,NA,NA,"<= day","daily",NA,NA,NA
"2004-10-16",0.66,FALSE,NA,NA,"<= day","daily",NA,NA,NA
"2004-10-17",0.616,FALSE,NA,NA,"<= day","daily",NA,NA,NA
"2004-10-18",0.574,FALSE,NA,NA,"<= day","daily",NA,NA,NA
"2004-10-19",0.583,FALSE,NA,NA,"<= day","daily",NA,NA,NA
"2004-10-20",0.733,FALSE,NA,NA,"<= day","daily",NA,NA,NA
"2004-10-21",0.712,FALSE,NA,NA,"<= day","daily",NA,NA,NA
"2004-10-22",0.692,FALSE,NA,NA,"<= day","daily",NA,NA,NA
"2004-10-23",0.686,FALSE,NA,NA,"<= day","daily",NA,NA,NA
"2004-10-24",0.654,FALSE,NA,NA,"<= day","daily",NA,NA,NA
"2004-10-25",0.623,FALSE,NA,NA,"<= day","daily",NA,NA,NA
"2004-10-26",1.453,FALSE,NA,NA,"<= day","daily",NA,NA,NA
"2004-10-27",4.681,FALSE,NA,NA,"<= day","daily",NA,NA,NA
"2004-10-28",3.001,FALSE,NA,NA,"<= day","daily",NA,NA,NA
"2004-10-29",2.041,FALSE,NA,NA,"<= day","daily",NA,NA,NA
"2004-10-30",1.535,FALSE,NA,NA,"<= day","daily",NA,NA,NA
"2004-10-31",1.303,FALSE,NA,NA,"<= day","daily",NA,NA,NA
"2004-11-01",1.172,FALSE,NA,NA,"<= day","daily",NA,NA,NA
"2004-11-02",1.054,FALSE,NA,NA,"<= day","daily",NA,NA,NA
"2004-11-03",0.958,FALSE,NA,NA,"<= day","daily",NA,NA,NA
"2004-11-04",0.892,FALSE,NA,NA,"<= day","daily",NA,NA,NA
"2004-11-05",0.844,FALSE,NA,NA,"<= day","daily",NA,NA,NA
"2004-11-06",0.8,FALSE,NA,NA,"<= day","daily",NA,NA,NA
"2004-11-07",0.761,FALSE,NA,NA,"<= day","daily",NA,NA,NA
"2004-11-08",0.734,FALSE,NA,NA,"<= day","daily",NA,NA,NA
"2004-11-09",0.719,FALSE,NA,NA,"<= day","daily",NA,NA,NA
"2004-11-10",0.702,FALSE,NA,NA,"<= day","daily",NA,NA,NA
"2004-11-11",0.676,FALSE,NA,NA,"<= day","daily",NA,NA,NA
"2004-11-12",0.64,FALSE,NA,NA,"<= day","daily",NA,NA,NA
"2004-11-13",0.613,FALSE,NA,NA,"<= day","daily",NA,NA,NA
"2004-11-14",0.591,FALSE,NA,NA,"<= day","daily",NA,NA,NA
"2004-11-15",0.571,FALSE,NA,NA,"<= day","daily",NA,NA,NA
"2004-11-16",0.556,FALSE,NA,NA,"<= day","daily",NA,NA,NA
"2004-11-17",0.546,FALSE,NA,NA,"<= day","daily",NA,NA,NA
"2004-11-18",0.537,FALSE,NA,NA,"<= day","daily",NA,NA,NA
"2004-11-19",0.535,FALSE,NA,NA,"<= day","daily",NA,NA,NA
"2004-11-20",0.522,FALSE,NA,NA,"<= day","daily",NA,NA,NA
"2004-11-21",0.512,FALSE,NA,NA,"<= day","daily",NA,NA,NA
"2004-11-22",0.499,FALSE,NA,NA,"<= day","daily",NA,NA,NA
"2004-11-23",0.491,FALSE,NA,NA,"<= day","daily",NA,NA,NA
"2004-11-24",0.483,FALSE,NA,NA,"<= day","daily",NA,NA,NA
"2004-11-25",0.48,FALSE,NA,NA,"<= day","daily",NA,NA,NA
"2004-11-26",0.477,FALSE,NA,NA,"<= day","daily",NA,NA,NA
"2004-11-27",0.474,FALSE,NA,NA,"<= day","daily",NA,NA,NA
"2004-11-28",0.472,FALSE,NA,NA,"<= day","daily",NA,NA,NA
"2004-11-29",0.494,FALSE,NA,NA,"<= day","daily",NA,NA,NA
"2004-11-30",0.51,FALSE,NA,NA,"<= day","daily",NA,NA,NA
"2004-12-01",0.514,FALSE,NA,NA,"<= day","daily",NA,NA,NA
"2004-12-02",0.521,FALSE,NA,NA,"<= day","daily",NA,NA,NA
"2004-12-03",0.546,FALSE,NA,NA,"<= day","daily",NA,NA,NA
"2004-12-04",0.585,FALSE,NA,NA,"<= day","daily",NA,NA,NA
"2004-12-05",0.591,FALSE,NA,NA,"<= day","daily",NA,NA,NA
"2004-12-06",0.591,FALSE,NA,NA,"<= day","daily",NA,NA,NA
"2004-12-07",0.592,FALSE,NA,NA,"<= day","daily",NA,NA,NA
"2004-12-08",0.602,FALSE,NA,NA,"<= day","daily",NA,NA,NA
"2004-12-09",0.604,FALSE,NA,NA,"<= day","daily",NA,NA,NA
"2004-12-10",0.61,FALSE,NA,NA,"<= day","daily",NA,NA,NA
"2004-12-11",0.614,FALSE,NA,NA,"<= day","daily",NA,NA,NA
"2004-12-12",0.608,FALSE,NA,NA,"<= day","daily",NA,NA,NA
"2004-12-13",0.6,FALSE,NA,NA,"<= day","daily",NA,NA,NA
"2004-12-14",0.591,FALSE,NA,NA,"<= day","daily",NA,NA,NA
"2004-12-15",0.582,FALSE,NA,NA,"<= day","daily",NA,NA,NA
"2004-12-16",0.582,FALSE,NA,NA,"<= day","daily",NA,NA,NA
"2004-12-17",0.587,FALSE,NA,NA,"<= day","daily",NA,NA,NA
"2004-12-18",0.586,FALSE,NA,NA,"<= day","daily",NA,NA,NA
"2004-12-19",0.598,FALSE,NA,NA,"<= day","daily",NA,NA,NA
"2004-12-20",0.625,FALSE,NA,NA,"<= day","daily",NA,NA,NA
"2004-12-21",0.611,FALSE,NA,NA,"<= day","daily",NA,NA,NA
"2004-12-22",0.597,FALSE,NA,NA,"<= day","daily",NA,NA,NA
"2004-12-23",0.595,FALSE,NA,NA,"<= day","daily",NA,NA,NA
"2004-12-24",0.676,FALSE,NA,NA,"<= day","daily",NA,NA,NA
"2004-12-25",0.791,FALSE,NA,NA,"<= day","daily",NA,NA,NA
"2004-12-26",0.902,FALSE,NA,NA,"<= day","daily",NA,NA,NA
"2004-12-27",0.953,FALSE,NA,NA,"<= day","daily",NA,NA,NA
"2004-12-28",0.986,FALSE,NA,NA,"<= day","daily",NA,NA,NA
"2004-12-29",0.989,FALSE,NA,NA,"<= day","daily",NA,NA,NA
"2004-12-30",0.984,FALSE,NA,NA,"<= day","daily",NA,NA,NA
"2004-12-31",0.978,FALSE,NA,NA,"<= day","daily",NA,NA,NA
"2005-01-01",1.432,FALSE,NA,NA,"<= day","daily",NA,NA,NA
"2005-01-02",2.827,FALSE,NA,NA,"<= day","daily",NA,NA,NA
"2005-01-03",5.045,FALSE,NA,NA,"<= day","daily",NA,NA,NA
"2005-01-04",4.426,FALSE,NA,NA,"<= day","daily",NA,NA,NA
"2005-01-05",3.315,FALSE,NA,NA,"<= day","daily",NA,NA,NA
"2005-01-06",2.629,FALSE,NA,NA,"<= day","daily",NA,NA,NA
"2005-01-07",2.164,FALSE,NA,NA,"<= day","daily",NA,NA,NA
"2005-01-08",1.954,FALSE,NA,NA,"<= day","daily",NA,NA,NA
"2005-01-09",1.77,FALSE,NA,NA,"<= day","daily",NA,NA,NA
"2005-01-10",1.608,FALSE,NA,NA,"<= day","daily",NA,NA,NA
"2005-01-11",1.48,FALSE,NA,NA,"<= day","daily",NA,NA,NA
"2005-01-12",1.387,FALSE,NA,NA,"<= day","daily",NA,NA,NA
"2005-01-13",1.306,FALSE,NA,NA,"<= day","daily",NA,NA,NA
"2005-01-14",1.231,FALSE,NA,NA,"<= day","daily",NA,NA,NA
"2005-01-15",1.184,FALSE,NA,NA,"<= day","daily",NA,NA,NA
"2005-01-16",1.14,FALSE,NA,NA,"<= day","daily",NA,NA,NA
"2005-01-17",1.099,FALSE,NA,NA,"<= day","daily",NA,NA,NA
"2005-01-18",1.104,FALSE,NA,NA,"<= day","daily",NA,NA,NA
"2005-01-19",1.097,FALSE,NA,NA,"<= day","daily",NA,NA,NA
"2005-01-20",1.057,FALSE,NA,NA,"<= day","daily",NA,NA,NA
"2005-01-21",1.057,FALSE,NA,NA,"<= day","daily",NA,NA,NA
"2005-01-22",1.097,FALSE,NA,NA,"<= day","daily",NA,NA,NA
"2005-01-23",1.109,FALSE,NA,NA,"<= day","daily",NA,NA,NA
"2005-01-24",1.112,FALSE,NA,NA,"<= day","daily",NA,NA,NA
"2005-01-25",1.114,FALSE,NA,NA,"<= day","daily",NA,NA,NA
"2005-01-26",1.112,FALSE,NA,NA,"<= day","daily",NA,NA,NA
"2005-01-27",1.107,FALSE,NA,NA,"<= day","daily",NA,NA,NA
"2005-01-28",1.105,FALSE,NA,NA,"<= day","daily",NA,NA,NA
"2005-01-29",1.077,FALSE,NA,NA,"<= day","daily",NA,NA,NA
"2005-01-30",1.029,FALSE,NA,NA,"<= day","daily",NA,NA,NA
"2005-01-31",0.986,FALSE,NA,NA,"<= day","daily",NA,NA,NA
"2005-02-01",0.952,FALSE,NA,NA,"<= day","daily",NA,NA,NA
"2005-02-02",0.91,FALSE,NA,NA,"<= day","daily",NA,NA,NA
"2005-02-03",0.891,FALSE,NA,NA,"<= day","daily",NA,NA,NA
"2005-02-04",0.867,FALSE,NA,NA,"<= day","daily",NA,NA,NA
"2005-02-05",0.85,FALSE,NA,NA,"<= day","daily",NA,NA,NA
"2005-02-06",0.849,FALSE,NA,NA,"<= day","daily",NA,NA,NA
"2005-02-07",0.856,FALSE,NA,NA,"<= day","daily",NA,NA,NA
"2005-02-08",0.837,FALSE,NA,NA,"<= day","daily",NA,NA,NA
"2005-02-09",0.815,FALSE,NA,NA,"<= day","daily",NA,NA,NA
"2005-02-10",0.79,FALSE,NA,NA,"<= day","daily",NA,NA,NA
"2005-02-11",0.783,FALSE,NA,NA,"<= day","daily",NA,NA,NA
"2005-02-12",1.029,FALSE,NA,NA,"<= day","daily",NA,NA,NA
"2005-02-13",1.361,FALSE,NA,NA,"<= day","daily",NA,NA,NA
"2005-02-14",1.491,FALSE,NA,NA,"<= day","daily",NA,NA,NA
"2005-02-15",1.572,FALSE,NA,NA,"<= day","daily",NA,NA,NA
"2005-02-16",1.568,FALSE,NA,NA,"<= day","daily",NA,NA,NA
"2005-02-17",1.493,FALSE,NA,NA,"<= day","daily",NA,NA,NA
"2005-02-18",1.418,FALSE,NA,NA,"<= day","daily",NA,NA,NA
"2005-02-19",1.376,FALSE,NA,NA,"<= day","daily",NA,NA,NA
"2005-02-20",1.335,FALSE,NA,NA,"<= day","daily",NA,NA,NA
"2005-02-21",1.296,FALSE,NA,NA,"<= day","daily",NA,NA,NA
"2005-02-22",1.246,FALSE,NA,NA,"<= day","daily",NA,NA,NA
"2005-02-23",1.191,FALSE,NA,NA,"<= day","daily",NA,NA,NA
"2005-02-24",1.147,FALSE,NA,NA,"<= day","daily",NA,NA,NA
"2005-02-25",1.111,FALSE,NA,NA,"<= day","daily",NA,NA,NA
"2005-02-26",1.074,FALSE,NA,NA,"<= day","daily",NA,NA,NA
"2005-02-27",1.039,FALSE,NA,NA,"<= day","daily",NA,NA,NA
"2005-02-28",1,FALSE,NA,NA,"<= day","daily",NA,NA,NA
"2005-03-01",0.97,FALSE,NA,NA,"<= day","daily",NA,NA,NA
"2005-03-02",0.948,FALSE,NA,NA,"<= day","daily",NA,NA,NA
"2005-03-03",0.932,FALSE,NA,NA,"<= day","daily",NA,NA,NA
"2005-03-04",0.908,FALSE,NA,NA,"<= day","daily",NA,NA,NA
"2005-03-05",0.9,FALSE,NA,NA,"<= day","daily",NA,NA,NA
"2005-03-06",0.875,FALSE,NA,NA,"<= day","daily",NA,NA,NA
"2005-03-07",0.848,FALSE,NA,NA,"<= day","daily",NA,NA,NA
"2005-03-08",0.817,FALSE,NA,NA,"<= day","daily",NA,NA,NA
"2005-03-09",0.795,FALSE,NA,NA,"<= day","daily",NA,NA,NA
"2005-03-10",0.779,FALSE,NA,NA,"<= day","daily",NA,NA,NA
"2005-03-11",0.789,FALSE,NA,NA,"<= day","daily",NA,NA,NA
"2005-03-12",0.817,FALSE,NA,NA,"<= day","daily",NA,NA,NA
"2005-03-13",0.826,FALSE,NA,NA,"<= day","daily",NA,NA,NA
"2005-03-14",0.889,FALSE,NA,NA,"<= day","daily",NA,NA,NA
"2005-03-15",1.317,FALSE,NA,NA,"<= day","daily",NA,NA,NA
"2005-03-16",2.705,FALSE,NA,NA,"<= day","daily",NA,NA,NA
"2005-03-17",3.872,FALSE,NA,NA,"<= day","daily",NA,NA,NA
"2005-03-18",5.713,FALSE,NA,NA,"<= day","daily",NA,NA,NA
"2005-03-19",5.934,FALSE,NA,NA,"<= day","daily",NA,NA,NA
"2005-03-20",4.344,FALSE,NA,NA,"<= day","daily",NA,NA,NA
"2005-03-21",3.311,FALSE,NA,NA,"<= day","daily",NA,NA,NA
"2005-03-22",2.709,FALSE,NA,NA,"<= day","daily",NA,NA,NA
"2005-03-23",2.28,FALSE,NA,NA,"<= day","daily",NA,NA,NA
"2005-03-24",1.975,FALSE,NA,NA,"<= day","daily",NA,NA,NA
"2005-03-25",2.106,FALSE,NA,NA,"<= day","daily",NA,NA,NA
"2005-03-26",2.343,FALSE,NA,NA,"<= day","daily",NA,NA,NA
"2005-03-27",3.019,FALSE,NA,NA,"<= day","daily",NA,NA,NA
"2005-03-28",3.496,FALSE,NA,NA,"<= day","daily",NA,NA,NA
"2005-03-29",3.531,FALSE,NA,NA,"<= day","daily",NA,NA,NA
"2005-03-30",3.3,FALSE,NA,NA,"<= day","daily",NA,NA,NA
"2005-03-31",2.94,FALSE,NA,NA,"<= day","daily",NA,NA,NA
"2005-04-01",2.635,FALSE,NA,NA,"<= day","daily",NA,NA,NA
"2005-04-02",2.455,FALSE,NA,NA,"<= day","daily",NA,NA,NA
"2005-04-03",2.238,FALSE,NA,NA,"<= day","daily",NA,NA,NA
"2005-04-04",2.011,FALSE,NA,NA,"<= day","daily",NA,NA,NA
"2005-04-05",1.844,FALSE,NA,NA,"<= day","daily",NA,NA,NA
"2005-04-06",1.723,FALSE,NA,NA,"<= day","daily",NA,NA,NA
"2005-04-07",1.663,FALSE,NA,NA,"<= day","daily",NA,NA,NA
"2005-04-08",1.681,FALSE,NA,NA,"<= day","daily",NA,NA,NA
"2005-04-09",1.958,FALSE,NA,NA,"<= day","daily",NA,NA,NA
"2005-04-10",2.205,FALSE,NA,NA,"<= day","daily",NA,NA,NA
"2005-04-11",2.256,FALSE,NA,NA,"<= day","daily",NA,NA,NA
"2005-04-12",2.276,FALSE,NA,NA,"<= day","daily",NA,NA,NA
"2005-04-13",2.325,FALSE,NA,NA,"<= day","daily",NA,NA,NA
"2005-04-14",2.289,FALSE,NA,NA,"<= day","daily",NA,NA,NA
"2005-04-15",2.183,FALSE,NA,NA,"<= day","daily",NA,NA,NA
"2005-04-16",2.032,FALSE,NA,NA,"<= day","daily",NA,NA,NA
"2005-04-17",2.382,FALSE,NA,NA,"<= day","daily",NA,NA,NA
"2005-04-18",3.128,FALSE,NA,NA,"<= day","daily",NA,NA,NA
"2005-04-19",4.048,FALSE,NA,NA,"<= day","daily",NA,NA,NA
"2005-04-20",4.452,FALSE,NA,NA,"<= day","daily",NA,NA,NA
"2005-04-21",5.396,FALSE,NA,NA,"<= day","daily",NA,NA,NA
"2005-04-22",6.295,FALSE,NA,NA,"<= day","daily",NA,NA,NA
"2005-04-23",6.004,FALSE,NA,NA,"<= day","daily",NA,NA,NA
"2005-04-24",4.731,FALSE,NA,NA,"<= day","daily",NA,NA,NA
"2005-04-25",4.517,FALSE,NA,NA,"<= day","daily",NA,NA,NA
"2005-04-26",4.628,FALSE,NA,NA,"<= day","daily",NA,NA,NA
"2005-04-27",4.569,FALSE,NA,NA,"<= day","daily",NA,NA,NA
"2005-04-28",3.978,FALSE,NA,NA,"<= day","daily",NA,NA,NA
"2005-04-29",3.433,FALSE,NA,NA,"<= day","daily",NA,NA,NA
"2005-04-30",3.067,FALSE,NA,NA,"<= day","daily",NA,NA,NA
"2005-05-01",2.787,FALSE,NA,NA,"<= day","daily",NA,NA,NA
"2005-05-02",2.505,FALSE,NA,NA,"<= day","daily",NA,NA,NA
"2005-05-03",2.31,FALSE,NA,NA,"<= day","daily",NA,NA,NA
"2005-05-04",2.371,FALSE,NA,NA,"<= day","daily",NA,NA,NA
"2005-05-05",2.362,FALSE,NA,NA,"<= day","daily",NA,NA,NA
"2005-05-06",2.33,FALSE,NA,NA,"<= day","daily",NA,NA,NA
"2005-05-07",2.45,FALSE,NA,NA,"<= day","daily",NA,NA,NA
"2005-05-08",2.649,FALSE,NA,NA,"<= day","daily",NA,NA,NA
"2005-05-09",2.724,FALSE,NA,NA,"<= day","daily",NA,NA,NA
"2005-05-10",2.633,FALSE,NA,NA,"<= day","daily",NA,NA,NA
"2005-05-11",2.389,FALSE,NA,NA,"<= day","daily",NA,NA,NA
"2005-05-12",2.155,FALSE,NA,NA,"<= day","daily",NA,NA,NA
"2005-05-13",1.975,FALSE,NA,NA,"<= day","daily",NA,NA,NA
"2005-05-14",1.821,FALSE,NA,NA,"<= day","daily",NA,NA,NA
"2005-05-15",1.675,FALSE,NA,NA,"<= day","daily",NA,NA,NA
"2005-05-16",1.565,FALSE,NA,NA,"<= day","daily",NA,NA,NA
"2005-05-17",1.512,FALSE,NA,NA,"<= day","daily",NA,NA,NA
"2005-05-18",1.452,FALSE,NA,NA,"<= day","daily",NA,NA,NA
"2005-05-19",1.409,FALSE,NA,NA,"<= day","daily",NA,NA,NA
"2005-05-20",1.359,FALSE,NA,NA,"<= day","daily",NA,NA,NA
"2005-05-21",1.331,FALSE,NA,NA,"<= day","daily",NA,NA,NA
"2005-05-22",1.304,FALSE,NA,NA,"<= day","daily",NA,NA,NA
"2005-05-23",1.596,FALSE,NA,NA,"<= day","daily",NA,NA,NA
"2005-05-24",2.03,FALSE,NA,NA,"<= day","daily",NA,NA,NA
"2005-05-25",2.192,FALSE,NA,NA,"<= day","daily",NA,NA,NA
"2005-05-26",2.196,FALSE,NA,NA,"<= day","daily",NA,NA,NA
"2005-05-27",2.076,FALSE,NA,NA,"<= day","daily",NA,NA,NA
"2005-05-28",1.881,FALSE,NA,NA,"<= day","daily",NA,NA,NA
"2005-05-29",1.701,FALSE,NA,NA,"<= day","daily",NA,NA,NA
"2005-05-30",1.586,FALSE,NA,NA,"<= day","daily",NA,NA,NA
"2005-05-31",1.479,FALSE,NA,NA,"<= day","daily",NA,NA,NA
"2005-06-01",1.39,FALSE,NA,NA,"<= day","daily",NA,NA,NA
"2005-06-02",1.329,FALSE,NA,NA,"<= day","daily",NA,NA,NA
"2005-06-03",1.284,FALSE,NA,NA,"<= day","daily",NA,NA,NA
"2005-06-04",1.24,FALSE,NA,NA,"<= day","daily",NA,NA,NA
"2005-06-05",1.182,FALSE,NA,NA,"<= day","daily",NA,NA,NA
"2005-06-06",1.142,FALSE,NA,NA,"<= day","daily",NA,NA,NA
"2005-06-07",1.103,FALSE,NA,NA,"<= day","daily",NA,NA,NA
"2005-06-08",1.054,FALSE,NA,NA,"<= day","daily",NA,NA,NA
"2005-06-09",1.014,FALSE,NA,NA,"<= day","daily",NA,NA,NA
"2005-06-10",0.995,FALSE,NA,NA,"<= day","daily",NA,NA,NA
"2005-06-11",0.98,FALSE,NA,NA,"<= day","daily",NA,NA,NA
"2005-06-12",0.964,FALSE,NA,NA,"<= day","daily",NA,NA,NA
"2005-06-13",0.95,FALSE,NA,NA,"<= day","daily",NA,NA,NA
"2005-06-14",0.939,FALSE,NA,NA,"<= day","daily",NA,NA,NA
"2005-06-15",0.944,FALSE,NA,NA,"<= day","daily",NA,NA,NA
"2005-06-16",0.908,FALSE,NA,NA,"<= day","daily",NA,NA,NA
"2005-06-17",0.877,FALSE,NA,NA,"<= day","daily",NA,NA,NA
"2005-06-18",0.844,FALSE,NA,NA,"<= day","daily",NA,NA,NA
"2005-06-19",0.819,FALSE,NA,NA,"<= day","daily",NA,NA,NA
"2005-06-20",0.805,FALSE,NA,NA,"<= day","daily",NA,NA,NA
"2005-06-21",0.786,FALSE,NA,NA,"<= day","daily",NA,NA,NA
"2005-06-22",0.766,FALSE,NA,NA,"<= day","daily",NA,NA,NA
"2005-06-23",0.742,FALSE,NA,NA,"<= day","daily",NA,NA,NA
"2005-06-24",0.728,FALSE,NA,NA,"<= day","daily",NA,NA,NA
"2005-06-25",0.722,FALSE,NA,NA,"<= day","daily",NA,NA,NA
"2005-06-26",0.705,FALSE,NA,NA,"<= day","daily",NA,NA,NA
"2005-06-27",0.684,FALSE,NA,NA,"<= day","daily",NA,NA,NA
"2005-06-28",0.667,FALSE,NA,NA,"<= day","daily",NA,NA,NA
"2005-06-29",0.664,FALSE,NA,NA,"<= day","daily",NA,NA,NA
"2005-06-30",0.672,FALSE,NA,NA,"<= day","daily",NA,NA,NA
"2005-07-01",0.662,FALSE,NA,NA,"<= day","daily",NA,NA,NA
"2005-07-02",0.65,FALSE,NA,NA,"<= day","daily",NA,NA,NA
"2005-07-03",0.629,FALSE,NA,NA,"<= day","daily",NA,NA,NA
"2005-07-04",0.676,FALSE,NA,NA,"<= day","daily",NA,NA,NA
"2005-07-05",0.708,FALSE,NA,NA,"<= day","daily",NA,NA,NA
"2005-07-06",1.007,FALSE,NA,NA,"<= day","daily",NA,NA,NA
"2005-07-07",1.684,FALSE,NA,NA,"<= day","daily",NA,NA,NA
"2005-07-08",1.709,FALSE,NA,NA,"<= day","daily",NA,NA,NA
"2005-07-09",1.471,FALSE,NA,NA,"<= day","daily",NA,NA,NA
"2005-07-10",1.302,FALSE,NA,NA,"<= day","daily",NA,NA,NA
"2005-07-11",1.183,FALSE,NA,NA,"<= day","daily",NA,NA,NA
"2005-07-12",1.098,FALSE,NA,NA,"<= day","daily",NA,NA,NA
"2005-07-13",1.035,FALSE,NA,NA,"<= day","daily",NA,NA,NA
"2005-07-14",0.984,FALSE,NA,NA,"<= day","daily",NA,NA,NA
"2005-07-15",0.943,FALSE,NA,NA,"<= day","daily",NA,NA,NA
"2005-07-16",0.906,FALSE,NA,NA,"<= day","daily",NA,NA,NA
"2005-07-17",0.872,FALSE,NA,NA,"<= day","daily",NA,NA,NA
"2005-07-18",0.846,FALSE,NA,NA,"<= day","daily",NA,NA,NA
"2005-07-19",0.835,FALSE,NA,NA,"<= day","daily",NA,NA,NA
"2005-07-20",0.814,FALSE,NA,NA,"<= day","daily",NA,NA,NA
"2005-07-21",0.801,FALSE,NA,NA,"<= day","daily",NA,NA,NA
"2005-07-22",0.786,FALSE,NA,NA,"<= day","daily",NA,NA,NA
"2005-07-23",0.774,FALSE,NA,NA,"<= day","daily",NA,NA,NA
"2005-07-24",0.766,FALSE,NA,NA,"<= day","daily",NA,NA,NA
"2005-07-25",0.764,FALSE,NA,NA,"<= day","daily",NA,NA,NA
"2005-07-26",0.748,FALSE,NA,NA,"<= day","daily",NA,NA,NA
"2005-07-27",0.729,FALSE,NA,NA,"<= day","daily",NA,NA,NA
"2005-07-28",0.708,FALSE,NA,NA,"<= day","daily",NA,NA,NA
"2005-07-29",0.698,FALSE,NA,NA,"<= day","daily",NA,NA,NA
"2005-07-30",0.7,FALSE,NA,NA,"<= day","daily",NA,NA,NA
"2005-07-31",0.689,FALSE,NA,NA,"<= day","daily",NA,NA,NA
"2005-08-01",0.677,FALSE,NA,NA,"<= day","daily",NA,NA,NA
"2005-08-02",0.669,FALSE,NA,NA,"<= day","daily",NA,NA,NA
"2005-08-03",0.715,FALSE,NA,NA,"<= day","daily",NA,NA,NA
"2005-08-04",0.694,FALSE,NA,NA,"<= day","daily",NA,NA,NA
"2005-08-05",0.675,FALSE,NA,NA,"<= day","daily",NA,NA,NA
"2005-08-06",0.665,FALSE,NA,NA,"<= day","daily",NA,NA,NA
"2005-08-07",0.655,FALSE,NA,NA,"<= day","daily",NA,NA,NA
"2005-08-08",0.646,FALSE,NA,NA,"<= day","daily",NA,NA,NA
"2005-08-09",0.636,FALSE,NA,NA,"<= day","daily",NA,NA,NA
"2005-08-10",0.628,FALSE,NA,NA,"<= day","daily",NA,NA,NA
"2005-08-11",0.617,FALSE,NA,NA,"<= day","daily",NA,NA,NA
"2005-08-12",0.605,FALSE,NA,NA,"<= day","daily",NA,NA,NA
"2005-08-13",0.595,FALSE,NA,NA,"<= day","daily",NA,NA,NA
"2005-08-14",0.585,FALSE,NA,NA,"<= day","daily",NA,NA,NA
"2005-08-15",0.576,FALSE,NA,NA,"<= day","daily",NA,NA,NA
"2005-08-16",0.569,FALSE,NA,NA,"<= day","daily",NA,NA,NA
"2005-08-17",0.554,FALSE,NA,NA,"<= day","daily",NA,NA,NA
"2005-08-18",0.544,FALSE,NA,NA,"<= day","daily",NA,NA,NA
"2005-08-19",0.533,FALSE,NA,NA,"<= day","daily",NA,NA,NA
"2005-08-20",0.53,FALSE,NA,NA,"<= day","daily",NA,NA,NA
"2005-08-21",0.528,FALSE,NA,NA,"<= day","daily",NA,NA,NA
"2005-08-22",0.572,FALSE,NA,NA,"<= day","daily",NA,NA,NA
"2005-08-23",0.64,FALSE,NA,NA,"<= day","daily",NA,NA,NA
"2005-08-24",0.637,FALSE,NA,NA,"<= day","daily",NA,NA,NA
"2005-08-25",0.621,FALSE,NA,NA,"<= day","daily",NA,NA,NA
"2005-08-26",0.611,FALSE,NA,NA,"<= day","daily",NA,NA,NA
"2005-08-27",0.597,FALSE,NA,NA,"<= day","daily",NA,NA,NA
"2005-08-28",0.58,FALSE,NA,NA,"<= day","daily",NA,NA,NA
"2005-08-29",0.574,FALSE,NA,NA,"<= day","daily",NA,NA,NA
"2005-08-30",0.557,FALSE,NA,NA,"<= day","daily",NA,NA,NA
"2005-08-31",0.545,FALSE,NA,NA,"<= day","daily",NA,NA,NA
"2005-09-01",0.531,FALSE,NA,NA,"<= day","daily",NA,NA,NA
"2005-09-02",0.522,FALSE,NA,NA,"<= day","daily",NA,NA,NA
"2005-09-03",0.513,FALSE,NA,NA,"<= day","daily",NA,NA,NA
"2005-09-04",0.501,FALSE,NA,NA,"<= day","daily",NA,NA,NA
"2005-09-05",0.488,FALSE,NA,NA,"<= day","daily",NA,NA,NA
"2005-09-06",0.486,FALSE,NA,NA,"<= day","daily",NA,NA,NA
"2005-09-07",0.479,FALSE,NA,NA,"<= day","daily",NA,NA,NA
"2005-09-08",0.474,FALSE,NA,NA,"<= day","daily",NA,NA,NA
"2005-09-09",0.47,FALSE,NA,NA,"<= day","daily",NA,NA,NA
"2005-09-10",0.467,FALSE,NA,NA,"<= day","daily",NA,NA,NA
"2005-09-11",0.478,FALSE,NA,NA,"<= day","daily",NA,NA,NA
"2005-09-12",0.474,FALSE,NA,NA,"<= day","daily",NA,NA,NA
"2005-09-13",0.467,FALSE,NA,NA,"<= day","daily",NA,NA,NA
"2005-09-14",0.465,FALSE,NA,NA,"<= day","daily",NA,NA,NA
"2005-09-15",0.459,FALSE,NA,NA,"<= day","daily",NA,NA,NA
"2005-09-16",0.454,FALSE,NA,NA,"<= day","daily",NA,NA,NA
"2005-09-17",0.485,FALSE,NA,NA,"<= day","daily",NA,NA,NA
"2005-09-18",0.507,FALSE,NA,NA,"<= day","daily",NA,NA,NA
"2005-09-19",0.502,FALSE,NA,NA,"<= day","daily",NA,NA,NA
"2005-09-20",0.498,FALSE,NA,NA,"<= day","daily",NA,NA,NA
"2005-09-21",0.491,FALSE,NA,NA,"<= day","daily",NA,NA,NA
"2005-09-22",0.483,FALSE,NA,NA,"<= day","daily",NA,NA,NA
"2009-07-31",1.299,FALSE,NA,NA,"<= day","daily",NA,NA,NA
"2009-08-01",1.266,FALSE,NA,NA,"<= day","daily",NA,NA,NA
"2009-08-02",1.09,FALSE,NA,NA,"<= day","daily",NA,NA,NA
"2009-08-03",1.029,FALSE,NA,NA,"<= day","daily",NA,NA,NA
"2009-08-04",1.026,FALSE,NA,NA,"<= day","daily",NA,NA,NA
"2009-08-05",1.06,FALSE,NA,NA,"<= day","daily",NA,NA,NA
"2009-08-06",1.076,FALSE,NA,NA,"<= day","daily",NA,NA,NA
"2009-08-07",1.06,FALSE,NA,NA,"<= day","daily",NA,NA,NA
"2009-08-08",1.055,FALSE,NA,NA,"<= day","daily",NA,NA,NA
"2009-08-09",1.055,FALSE,NA,NA,"<= day","daily",NA,NA,NA
"2009-08-10",0.953,FALSE,NA,NA,"<= day","daily",NA,NA,NA
"2009-08-11",0.99,FALSE,NA,NA,"<= day","daily",NA,NA,NA
"2009-08-12",1.002,FALSE,NA,NA,"<= day","daily",NA,NA,NA
"2009-08-13",0.937,FALSE,NA,NA,"<= day","daily",NA,NA,NA
"2009-08-14",0.903,FALSE,NA,NA,"<= day","daily",NA,NA,NA
"2009-08-15",0.892,FALSE,NA,NA,"<= day","daily",NA,NA,NA
"2009-08-16",0.863,FALSE,NA,NA,"<= day","daily",NA,NA,NA
"2009-08-17",0.793,FALSE,NA,NA,"<= day","daily",NA,NA,NA
"2009-08-18",0.776,FALSE,NA,NA,"<= day","daily",NA,NA,NA
"2009-08-19",0.828,FALSE,NA,NA,"<= day","daily",NA,NA,NA
"2009-08-20",0.819,FALSE,NA,NA,"<= day","daily",NA,NA,NA
"2009-08-21",0.749,FALSE,NA,NA,"<= day","daily",NA,NA,NA
"2009-08-22",0.753,FALSE,NA,NA,"<= day","daily",NA,NA,NA
"2009-08-23",0.845,FALSE,NA,NA,"<= day","daily",NA,NA,NA
"2009-08-24",0.827,FALSE,NA,NA,"<= day","daily",NA,NA,NA
"2009-08-25",0.724,FALSE,NA,NA,"<= day","daily",NA,NA,NA
"2009-08-26",0.706,FALSE,NA,NA,"<= day","daily",NA,NA,NA
"2009-08-27",0.771,FALSE,NA,NA,"<= day","daily",NA,NA,NA
"2009-08-28",0.736,FALSE,NA,NA,"<= day","daily",NA,NA,NA
"2009-08-29",0.697,FALSE,NA,NA,"<= day","daily",NA,NA,NA
"2009-08-30",0.764,FALSE,NA,NA,"<= day","daily",NA,NA,NA
"2009-08-31",0.811,FALSE,NA,NA,"<= day","daily",NA,NA,NA
"2009-09-01",0.757,FALSE,NA,NA,"<= day","daily",NA,NA,NA
"2009-09-02",0.812,FALSE,NA,NA,"<= day","daily",NA,NA,NA
"2009-09-03",0.72,FALSE,NA,NA,"<= day","daily",NA,NA,NA
"2009-09-04",0.63,FALSE,NA,NA,"<= day","daily",NA,NA,NA
"2009-09-05",0.597,FALSE,NA,NA,"<= day","daily",NA,NA,NA
"2009-09-06",0.681,FALSE,NA,NA,"<= day","daily",NA,NA,NA
"2009-09-07",0.701,FALSE,NA,NA,"<= day","daily",NA,NA,NA
"2009-09-08",0.715,FALSE,NA,NA,"<= day","daily",NA,NA,NA
"2009-09-09",0.681,FALSE,NA,NA,"<= day","daily",NA,NA,NA
"2009-09-10",0.625,FALSE,NA,NA,"<= day","daily",NA,NA,NA
"2009-09-11",0.671,FALSE,NA,NA,"<= day","daily",NA,NA,NA
"2009-09-12",0.655,FALSE,NA,NA,"<= day","daily",NA,NA,NA
"2009-09-13",0.609,FALSE,NA,NA,"<= day","daily",NA,NA,NA
"2009-09-14",0.596,FALSE,NA,NA,"<= day","daily",NA,NA,NA
"2009-09-15",0.57,FALSE,NA,NA,"<= day","daily",NA,NA,NA
"2009-09-16",0.576,FALSE,NA,NA,"<= day","daily",NA,NA,NA
"2009-09-17",0.546,FALSE,NA,NA,"<= day","daily",NA,NA,NA
"2009-09-18",0.592,FALSE,NA,NA,"<= day","daily",NA,NA,NA
"2009-09-19",0.576,FALSE,NA,NA,"<= day","daily",NA,NA,NA
"2009-09-20",0.671,FALSE,NA,NA,"<= day","daily",NA,NA,NA
"2009-09-21",0.654,FALSE,NA,NA,"<= day","daily",NA,NA,NA
"2009-09-22",0.656,FALSE,NA,NA,"<= day","daily",NA,NA,NA
"2009-09-23",0.735,FALSE,NA,NA,"<= day","daily",NA,NA,NA
"2009-09-24",0.727,FALSE,NA,NA,"<= day","daily",NA,NA,NA
"2009-09-25",0.643,FALSE,NA,NA,"<= day","daily",NA,NA,NA
"2009-09-26",0.634,FALSE,NA,NA,"<= day","daily",NA,NA,NA
"2009-09-27",0.66,FALSE,NA,NA,"<= day","daily",NA,NA,NA
"2009-09-28",0.663,FALSE,NA,NA,"<= day","daily",NA,NA,NA
"2009-09-29",0.629,FALSE,NA,NA,"<= day","daily",NA,NA,NA
"2009-09-30",0.574,FALSE,NA,NA,"<= day","daily",NA,NA,NA
"2009-10-01",0.511,FALSE,NA,NA,"<= day","daily",NA,NA,NA
"2009-10-02",0.515,FALSE,NA,NA,"<= day","daily",NA,NA,NA
"2009-10-03",0.553,FALSE,NA,NA,"<= day","daily",NA,NA,NA
"2009-10-04",0.509,FALSE,NA,NA,"<= day","daily",NA,NA,NA
"2009-10-05",0.564,FALSE,NA,NA,"<= day","daily",NA,NA,NA
"2009-10-06",0.518,FALSE,NA,NA,"<= day","daily",NA,NA,NA
"2009-10-07",0.55,FALSE,NA,NA,"<= day","daily",NA,NA,NA
"2009-10-08",0.485,FALSE,NA,NA,"<= day","daily",NA,NA,NA
"2009-10-09",0.475,FALSE,NA,NA,"<= day","daily",NA,NA,NA
"2009-10-10",0.466,FALSE,NA,NA,"<= day","daily",NA,NA,NA
"2009-10-11",0.519,FALSE,NA,NA,"<= day","daily",NA,NA,NA
"2009-10-12",0.471,FALSE,NA,NA,"<= day","daily",NA,NA,NA
"2009-10-13",0.509,FALSE,NA,NA,"<= day","daily",NA,NA,NA
"2009-10-14",0.509,FALSE,NA,NA,"<= day","daily",NA,NA,NA
"2009-10-15",0.518,FALSE,NA,NA,"<= day","daily",NA,NA,NA
"2009-10-16",0.53,FALSE,NA,NA,"<= day","daily",NA,NA,NA
"2009-10-17",0.487,FALSE,NA,NA,"<= day","daily",NA,NA,NA
"2009-10-18",0.461,FALSE,NA,NA,"<= day","daily",NA,NA,NA
"2009-10-19",0.522,FALSE,NA,NA,"<= day","daily",NA,NA,NA
"2009-10-20",0.592,FALSE,NA,NA,"<= day","daily",NA,NA,NA
"2009-10-21",0.618,FALSE,NA,NA,"<= day","daily",NA,NA,NA
"2009-10-22",0.549,FALSE,NA,NA,"<= day","daily",NA,NA,NA
"2009-10-23",0.483,FALSE,NA,NA,"<= day","daily",NA,NA,NA
"2009-10-24",0.575,FALSE,NA,NA,"<= day","daily",NA,NA,NA
"2009-10-25",0.53,FALSE,NA,NA,"<= day","daily",NA,NA,NA
"2009-10-26",0.513,FALSE,NA,NA,"<= day","daily",NA,NA,NA
"2009-10-27",0.583,FALSE,NA,NA,"<= day","daily",NA,NA,NA
"2009-10-28",0.593,FALSE,NA,NA,"<= day","daily",NA,NA,NA
"2009-10-29",0.54,FALSE,NA,NA,"<= day","daily",NA,NA,NA
"2009-10-30",0.584,FALSE,NA,NA,"<= day","daily",NA,NA,NA
"2009-10-31",0.608,FALSE,NA,NA,"<= day","daily",NA,NA,NA
"2009-11-01",0.719,FALSE,NA,NA,"<= day","daily",NA,NA,NA
"2009-11-02",0.609,FALSE,NA,NA,"<= day","daily",NA,NA,NA
"2009-11-03",0.623,FALSE,NA,NA,"<= day","daily",NA,NA,NA
"2009-11-04",0.554,FALSE,NA,NA,"<= day","daily",NA,NA,NA
"2009-11-05",0.534,FALSE,NA,NA,"<= day","daily",NA,NA,NA
"2009-11-06",0.557,FALSE,NA,NA,"<= day","daily",NA,NA,NA
"2009-11-07",0.594,FALSE,NA,NA,"<= day","daily",NA,NA,NA
"2009-11-08",0.546,FALSE,NA,NA,"<= day","daily",NA,NA,NA
"2009-11-09",0.534,FALSE,NA,NA,"<= day","daily",NA,NA,NA
"2009-11-10",0.648,FALSE,NA,NA,"<= day","daily",NA,NA,NA
"2009-11-11",0.685,FALSE,NA,NA,"<= day","daily",NA,NA,NA
"2009-11-12",0.708,FALSE,NA,NA,"<= day","daily",NA,NA,NA
"2009-11-13",0.734,FALSE,NA,NA,"<= day","daily",NA,NA,NA
"2009-11-14",0.635,FALSE,NA,NA,"<= day","daily",NA,NA,NA
"2009-11-15",0.547,FALSE,NA,NA,"<= day","daily",NA,NA,NA
"2009-11-16",0.6,FALSE,NA,NA,"<= day","daily",NA,NA,NA
"2009-11-17",0.629,FALSE,NA,NA,"<= day","daily",NA,NA,NA
"2009-11-18",0.674,FALSE,NA,NA,"<= day","daily",NA,NA,NA
"2009-11-19",0.657,FALSE,NA,NA,"<= day","daily",NA,NA,NA
"2009-11-20",0.642,FALSE,NA,NA,"<= day","daily",NA,NA,NA
"2009-11-21",0.632,FALSE,NA,NA,"<= day","daily",NA,NA,NA
"2009-11-22",0.577,FALSE,NA,NA,"<= day","daily",NA,NA,NA
"2009-11-23",0.586,FALSE,NA,NA,"<= day","daily",NA,NA,NA
"2009-11-24",0.627,FALSE,NA,NA,"<= day","daily",NA,NA,NA
"2009-11-25",0.597,FALSE,NA,NA,"<= day","daily",NA,NA,NA
"2009-11-26",0.587,FALSE,NA,NA,"<= day","daily",NA,NA,NA
"2009-11-27",0.572,FALSE,NA,NA,"<= day","daily",NA,NA,NA
"2009-11-28",0.547,FALSE,NA,NA,"<= day","daily",NA,NA,NA
"2009-11-29",0.566,FALSE,NA,NA,"<= day","daily",NA,NA,NA
"2009-11-30",0.59,FALSE,NA,NA,"<= day","daily",NA,NA,NA
"2009-12-01",0.738,FALSE,NA,NA,"<= day","daily",NA,NA,NA
"2009-12-02",0.856,FALSE,NA,NA,"<= day","daily",NA,NA,NA
"2009-12-03",0.799,FALSE,NA,NA,"<= day","daily",NA,NA,NA
"2009-12-04",0.805,FALSE,NA,NA,"<= day","daily",NA,NA,NA
"2009-12-05",0.797,FALSE,NA,NA,"<= day","daily",NA,NA,NA
"2009-12-06",0.808,FALSE,NA,NA,"<= day","daily",NA,NA,NA
"2009-12-07",0.795,FALSE,NA,NA,"<= day","daily",NA,NA,NA
"2009-12-08",0.963,FALSE,NA,NA,"<= day","daily",NA,NA,NA
"2009-12-09",1.099,FALSE,NA,NA,"<= day","daily",NA,NA,NA
"2009-12-10",1.127,FALSE,NA,NA,"<= day","daily",NA,NA,NA
"2009-12-11",1.117,FALSE,NA,NA,"<= day","daily",NA,NA,NA
"2009-12-12",1.125,FALSE,NA,NA,"<= day","daily",NA,NA,NA
"2009-12-13",1.094,FALSE,NA,NA,"<= day","daily",NA,NA,NA
"2009-12-14",1.045,FALSE,NA,NA,"<= day","daily",NA,NA,NA
"2009-12-15",1.054,FALSE,NA,NA,"<= day","daily",NA,NA,NA
"2009-12-16",1.107,FALSE,NA,NA,"<= day","daily",NA,NA,NA
"2009-12-17",1.123,FALSE,NA,NA,"<= day","daily",NA,NA,NA
"2009-12-18",1.142,FALSE,NA,NA,"<= day","daily",NA,NA,NA
"2009-12-19",1.113,FALSE,NA,NA,"<= day","daily",NA,NA,NA
"2009-12-20",1.037,FALSE,NA,NA,"<= day","daily",NA,NA,NA
"2009-12-21",1.019,FALSE,NA,NA,"<= day","daily",NA,NA,NA
"2009-12-22",1.003,FALSE,NA,NA,"<= day","daily",NA,NA,NA
"2009-12-23",1.243,FALSE,NA,NA,"<= day","daily",NA,NA,NA
"2009-12-24",1.53,FALSE,NA,NA,"<= day","daily",NA,NA,NA
"2009-12-25",2.086,FALSE,NA,NA,"<= day","daily",NA,NA,NA
"2009-12-26",2.216,FALSE,NA,NA,"<= day","daily",NA,NA,NA
"2009-12-27",2.077,FALSE,NA,NA,"<= day","daily",NA,NA,NA
"2009-12-28",1.801,FALSE,NA,NA,"<= day","daily",NA,NA,NA
"2009-12-29",1.698,FALSE,NA,NA,"<= day","daily",NA,NA,NA
"2009-12-30",2.017,FALSE,NA,NA,"<= day","daily",NA,NA,NA
"2009-12-31",2.751,FALSE,NA,NA,"<= day","daily",NA,NA,NA
"2010-01-01",3.874,FALSE,NA,NA,"<= day","daily",NA,NA,NA
"2010-01-02",3.431,FALSE,NA,NA,"<= day","daily",NA,NA,NA
"2010-01-03",2.517,FALSE,NA,NA,"<= day","daily",NA,NA,NA
"2010-01-04",2.063,FALSE,NA,NA,"<= day","daily",NA,NA,NA
"2010-01-05",1.788,FALSE,NA,NA,"<= day","daily",NA,NA,NA
"2010-01-06",1.729,FALSE,NA,NA,"<= day","daily",NA,NA,NA
"2010-01-07",1.588,FALSE,NA,NA,"<= day","daily",NA,NA,NA
"2010-01-08",1.465,FALSE,NA,NA,"<= day","daily",NA,NA,NA
"2010-01-09",1.362,FALSE,NA,NA,"<= day","daily",NA,NA,NA
"2010-01-10",1.285,FALSE,NA,NA,"<= day","daily",NA,NA,NA
"2010-01-11",1.213,FALSE,NA,NA,"<= day","daily",NA,NA,NA
"2010-01-12",1.289,FALSE,NA,NA,"<= day","daily",NA,NA,NA
"2010-01-13",1.488,FALSE,NA,NA,"<= day","daily",NA,NA,NA
"2010-01-14",1.447,FALSE,NA,NA,"<= day","daily",NA,NA,NA
"2010-01-15",1.564,FALSE,NA,NA,"<= day","daily",NA,NA,NA
"2010-01-16",1.497,FALSE,NA,NA,"<= day","daily",NA,NA,NA
"2010-01-17",1.579,FALSE,NA,NA,"<= day","daily",NA,NA,NA
"2010-01-18",1.697,FALSE,NA,NA,"<= day","daily",NA,NA,NA
"2010-01-19",1.724,FALSE,NA,NA,"<= day","daily",NA,NA,NA
"2010-01-20",1.734,FALSE,NA,NA,"<= day","daily",NA,NA,NA
"2010-01-21",1.784,FALSE,NA,NA,"<= day","daily",NA,NA,NA
"2010-01-22",1.835,FALSE,NA,NA,"<= day","daily",NA,NA,NA
"2010-01-23",1.854,FALSE,NA,NA,"<= day","daily",NA,NA,NA
"2010-01-24",1.967,FALSE,NA,NA,"<= day","daily",NA,NA,NA
"2010-01-25",2.13,FALSE,NA,NA,"<= day","daily",NA,NA,NA
"2010-01-26",2.039,FALSE,NA,NA,"<= day","daily",NA,NA,NA
"2010-01-27",1.953,FALSE,NA,NA,"<= day","daily",NA,NA,NA
"2010-01-28",1.813,FALSE,NA,NA,"<= day","daily",NA,NA,NA
"2010-01-29",1.786,FALSE,NA,NA,"<= day","daily",NA,NA,NA
"2010-01-30",1.778,FALSE,NA,NA,"<= day","daily",NA,NA,NA
"2010-01-31",1.782,FALSE,NA,NA,"<= day","daily",NA,NA,NA
"2010-02-01",1.69,FALSE,NA,NA,"<= day","daily",NA,NA,NA
"2010-02-02",1.441,FALSE,NA,NA,"<= day","daily",NA,NA,NA
"2010-02-03",1.125,FALSE,NA,NA,"<= day","daily",NA,NA,NA
"2010-02-04",1.125,FALSE,NA,NA,"<= day","daily",NA,NA,NA
"2010-02-05",1.402,FALSE,NA,NA,"<= day","daily",NA,NA,NA
"2010-02-06",2.258,FALSE,NA,NA,"<= day","daily",NA,NA,NA
"2010-02-07",2.243,FALSE,NA,NA,"<= day","daily",NA,NA,NA
"2010-02-08",2.218,FALSE,NA,NA,"<= day","daily",NA,NA,NA
"2010-02-09",2.272,FALSE,NA,NA,"<= day","daily",NA,NA,NA
"2010-02-10",2.156,FALSE,NA,NA,"<= day","daily",NA,NA,NA
"2010-02-11",2.048,FALSE,NA,NA,"<= day","daily",NA,NA,NA
"2010-02-12",2.013,FALSE,NA,NA,"<= day","daily",NA,NA,NA
"2010-02-13",1.904,FALSE,NA,NA,"<= day","daily",NA,NA,NA
"2010-02-14",1.809,FALSE,NA,NA,"<= day","daily",NA,NA,NA
"2010-02-15",1.735,FALSE,NA,NA,"<= day","daily",NA,NA,NA
"2010-02-16",1.627,FALSE,NA,NA,"<= day","daily",NA,NA,NA
"2010-02-17",1.544,FALSE,NA,NA,"<= day","daily",NA,NA,NA
"2010-02-18",1.633,FALSE,NA,NA,"<= day","daily",NA,NA,NA
"2010-02-19",1.78,FALSE,NA,NA,"<= day","daily",NA,NA,NA
"2010-02-20",2.053,FALSE,NA,NA,"<= day","daily",NA,NA,NA
"2010-02-21",2.094,FALSE,NA,NA,"<= day","daily",NA,NA,NA
"2010-02-22",2.128,FALSE,NA,NA,"<= day","daily",NA,NA,NA
"2010-02-23",2.385,FALSE,NA,NA,"<= day","daily",NA,NA,NA
"2010-02-24",2.752,FALSE,NA,NA,"<= day","daily",NA,NA,NA
"2010-02-25",2.75,FALSE,NA,NA,"<= day","daily",NA,NA,NA
"2010-02-26",2.787,FALSE,NA,NA,"<= day","daily",NA,NA,NA
"2010-02-27",2.851,FALSE,NA,NA,"<= day","daily",NA,NA,NA
"2010-02-28",2.898,FALSE,NA,NA,"<= day","daily",NA,NA,NA
"2010-03-01",2.359,FALSE,NA,NA,"<= day","daily",NA,NA,NA
"2010-03-02",2.146,FALSE,NA,NA,"<= day","daily",NA,NA,NA
"2010-03-03",2.029,FALSE,NA,NA,"<= day","daily",NA,NA,NA
"2010-03-04",1.988,FALSE,NA,NA,"<= day","daily",NA,NA,NA
"2010-03-05",1.935,FALSE,NA,NA,"<= day","daily",NA,NA,NA
"2010-03-06",1.767,FALSE,NA,NA,"<= day","daily",NA,NA,NA
"2010-03-07",1.819,FALSE,NA,NA,"<= day","daily",NA,NA,NA
"2010-03-08",1.682,FALSE,NA,NA,"<= day","daily",NA,NA,NA
"2010-03-09",1.584,FALSE,NA,NA,"<= day","daily",NA,NA,NA
"2010-03-10",1.543,FALSE,NA,NA,"<= day","daily",NA,NA,NA
"2010-03-11",1.473,FALSE,NA,NA,"<= day","daily",NA,NA,NA
"2010-03-12",1.425,FALSE,NA,NA,"<= day","daily",NA,NA,NA
"2010-03-13",1.448,FALSE,NA,NA,"<= day","daily",NA,NA,NA
"2010-03-14",1.487,FALSE,NA,NA,"<= day","daily",NA,NA,NA
"2010-03-15",1.429,FALSE,NA,NA,"<= day","daily",NA,NA,NA
"2010-03-16",1.441,FALSE,NA,NA,"<= day","daily",NA,NA,NA
"2010-03-17",1.4,FALSE,NA,NA,"<= day","daily",NA,NA,NA
"2010-03-18",1.382,FALSE,NA,NA,"<= day","daily",NA,NA,NA
"2010-03-19",1.302,FALSE,NA,NA,"<= day","daily",NA,NA,NA
"2010-03-20",1.276,FALSE,NA,NA,"<= day","daily",NA,NA,NA
"2010-03-21",1.332,FALSE,NA,NA,"<= day","daily",NA,NA,NA
"2010-03-22",1.545,FALSE,NA,NA,"<= day","daily",NA,NA,NA
"2010-03-23",1.634,FALSE,NA,NA,"<= day","daily",NA,NA,NA
"2010-03-24",1.54,FALSE,NA,NA,"<= day","daily",NA,NA,NA
"2010-03-25",1.538,FALSE,NA,NA,"<= day","daily",NA,NA,NA
"2010-03-26",1.571,FALSE,NA,NA,"<= day","daily",NA,NA,NA
"2010-03-27",1.542,FALSE,NA,NA,"<= day","daily",NA,NA,NA
"2010-03-28",1.619,FALSE,NA,NA,"<= day","daily",NA,NA,NA
"2010-03-29",1.639,FALSE,NA,NA,"<= day","daily",NA,NA,NA
"2010-03-30",1.622,FALSE,NA,NA,"<= day","daily",NA,NA,NA
"2010-03-31",1.493,FALSE,NA,NA,"<= day","daily",NA,NA,NA
"2010-04-01",1.382,FALSE,NA,NA,"<= day","daily",NA,NA,NA
"2010-04-02",1.471,FALSE,NA,NA,"<= day","daily",NA,NA,NA
"2010-04-03",1.48,FALSE,NA,NA,"<= day","daily",NA,NA,NA
"2010-04-04",1.584,FALSE,NA,NA,"<= day","daily",NA,NA,NA
"2010-04-05",1.684,FALSE,NA,NA,"<= day","daily",NA,NA,NA
"2010-04-06",1.676,FALSE,NA,NA,"<= day","daily",NA,NA,NA
"2010-04-07",1.615,FALSE,NA,NA,"<= day","daily",NA,NA,NA
"2010-04-08",1.645,FALSE,NA,NA,"<= day","daily",NA,NA,NA
"2010-04-09",1.626,FALSE,NA,NA,"<= day","daily",NA,NA,NA
"2010-04-10",1.523,FALSE,NA,NA,"<= day","daily",NA,NA,NA
"2010-04-11",1.425,FALSE,NA,NA,"<= day","daily",NA,NA,NA
"2010-04-12",1.403,FALSE,NA,NA,"<= day","daily",NA,NA,NA
"2010-04-13",1.352,FALSE,NA,NA,"<= day","daily",NA,NA,NA
"2010-04-14",1.415,FALSE,NA,NA,"<= day","daily",NA,NA,NA
"2010-04-15",1.448,FALSE,NA,NA,"<= day","daily",NA,NA,NA
"2010-04-16",1.42,FALSE,NA,NA,"<= day","daily",NA,NA,NA
"2010-04-17",1.353,FALSE,NA,NA,"<= day","daily",NA,NA,NA
"2010-04-18",1.349,FALSE,NA,NA,"<= day","daily",NA,NA,NA
"2010-04-19",1.336,FALSE,NA,NA,"<= day","daily",NA,NA,NA
"2010-04-20",1.358,FALSE,NA,NA,"<= day","daily",NA,NA,NA
"2010-04-21",1.384,FALSE,NA,NA,"<= day","daily",NA,NA,NA
"2010-04-22",1.344,FALSE,NA,NA,"<= day","daily",NA,NA,NA
"2010-04-23",1.355,FALSE,NA,NA,"<= day","daily",NA,NA,NA
"2010-04-24",1.355,FALSE,NA,NA,"<= day","daily",NA,NA,NA
"2010-04-25",1.376,FALSE,NA,NA,"<= day","daily",NA,NA,NA
"2010-04-26",1.432,FALSE,NA,NA,"<= day","daily",NA,NA,NA
"2010-04-27",1.427,FALSE,NA,NA,"<= day","daily",NA,NA,NA
"2010-04-28",1.377,FALSE,NA,NA,"<= day","daily",NA,NA,NA
"2010-04-29",1.3,FALSE,NA,NA,"<= day","daily",NA,NA,NA
"2010-04-30",1.185,FALSE,NA,NA,"<= day","daily",NA,NA,NA
"2010-05-01",1.113,FALSE,NA,NA,"<= day","daily",NA,NA,NA
"2010-05-02",1.137,FALSE,NA,NA,"<= day","daily",NA,NA,NA
"2010-05-03",1.198,FALSE,NA,NA,"<= day","daily",NA,NA,NA
"2010-05-04",1.216,FALSE,NA,NA,"<= day","daily",NA,NA,NA
"2010-05-05",1.276,FALSE,NA,NA,"<= day","daily",NA,NA,NA
"2010-05-06",1.699,FALSE,NA,NA,"<= day","daily",NA,NA,NA
"2010-05-07",2.195,FALSE,NA,NA,"<= day","daily",NA,NA,NA
"2010-05-08",2.327,FALSE,NA,NA,"<= day","daily",NA,NA,NA
"2010-05-09",2.231,FALSE,NA,NA,"<= day","daily",NA,NA,NA
"2010-05-10",2.673,FALSE,NA,NA,"<= day","daily",NA,NA,NA
"2010-05-11",3.893,FALSE,NA,NA,"<= day","daily",NA,NA,NA
"2010-05-12",5.289,FALSE,NA,NA,"<= day","daily",NA,NA,NA
"2010-05-13",6.387,FALSE,NA,NA,"<= day","daily",NA,NA,NA
"2010-05-14",7.04,FALSE,NA,NA,"<= day","daily",NA,NA,NA
"2010-05-15",5.808,FALSE,NA,NA,"<= day","daily",NA,NA,NA
"2010-05-16",4.873,FALSE,NA,NA,"<= day","daily",NA,NA,NA
"2010-05-17",3.68,FALSE,NA,NA,"<= day","daily",NA,NA,NA
"2010-05-18",3.057,FALSE,NA,NA,"<= day","daily",NA,NA,NA
"2010-05-19",2.638,FALSE,NA,NA,"<= day","daily",NA,NA,NA
"2010-05-20",2.62,FALSE,NA,NA,"<= day","daily",NA,NA,NA
"2010-05-21",2.505,FALSE,NA,NA,"<= day","daily",NA,NA,NA
"2010-05-22",2.307,FALSE,NA,NA,"<= day","daily",NA,NA,NA
"2010-05-23",2.172,FALSE,NA,NA,"<= day","daily",NA,NA,NA
"2010-05-24",1.962,FALSE,NA,NA,"<= day","daily",NA,NA,NA
"2010-05-25",1.843,FALSE,NA,NA,"<= day","daily",NA,NA,NA
"2010-05-26",1.783,FALSE,NA,NA,"<= day","daily",NA,NA,NA
"2010-05-27",1.749,FALSE,NA,NA,"<= day","daily",NA,NA,NA
"2010-05-28",1.7,FALSE,NA,NA,"<= day","daily",NA,NA,NA
"2010-05-29",1.646,FALSE,NA,NA,"<= day","daily",NA,NA,NA
"2010-05-30",1.517,FALSE,NA,NA,"<= day","daily",NA,NA,NA
"2010-05-31",1.442,FALSE,NA,NA,"<= day","daily",NA,NA,NA
"2010-06-01",1.296,FALSE,NA,NA,"<= day","daily",NA,NA,NA
"2010-06-02",1.263,FALSE,NA,NA,"<= day","daily",NA,NA,NA
"2010-06-03",1.261,FALSE,NA,NA,"<= day","daily",NA,NA,NA
"2010-06-04",1.319,FALSE,NA,NA,"<= day","daily",NA,NA,NA
"2010-06-05",1.362,FALSE,NA,NA,"<= day","daily",NA,NA,NA
"2010-06-06",1.323,FALSE,NA,NA,"<= day","daily",NA,NA,NA
"2010-06-07",1.38,FALSE,NA,NA,"<= day","daily",NA,NA,NA
"2010-06-08",1.497,FALSE,NA,NA,"<= day","daily",NA,NA,NA
"2010-06-09",1.332,FALSE,NA,NA,"<= day","daily",NA,NA,NA
"2010-06-10",1.114,FALSE,NA,NA,"<= day","daily",NA,NA,NA
"2010-06-11",1.151,FALSE,NA,NA,"<= day","daily",NA,NA,NA
"2010-06-12",1.093,FALSE,NA,NA,"<= day","daily",NA,NA,NA
"2010-06-13",1.054,FALSE,NA,NA,"<= day","daily",NA,NA,NA
"2010-06-14",1.013,FALSE,NA,NA,"<= day","daily",NA,NA,NA
"2010-06-15",0.984,FALSE,NA,NA,"<= day","daily",NA,NA,NA
"2010-06-16",0.989,FALSE,NA,NA,"<= day","daily",NA,NA,NA
"2010-06-17",0.996,FALSE,NA,NA,"<= day","daily",NA,NA,NA
"2010-06-18",1.076,FALSE,NA,NA,"<= day","daily",NA,NA,NA
"2010-06-19",1.108,FALSE,NA,NA,"<= day","daily",NA,NA,NA
"2010-06-20",1.243,FALSE,NA,NA,"<= day","daily",NA,NA,NA
"2010-06-21",1.27,FALSE,NA,NA,"<= day","daily",NA,NA,NA
"2010-06-22",1.381,FALSE,NA,NA,"<= day","daily",NA,NA,NA
"2010-06-23",1.393,FALSE,NA,NA,"<= day","daily",NA,NA,NA
"2010-06-24",1.354,FALSE,NA,NA,"<= day","daily",NA,NA,NA
"2010-06-25",1.361,FALSE,NA,NA,"<= day","daily",NA,NA,NA
"2010-06-26",1.307,FALSE,NA,NA,"<= day","daily",NA,NA,NA
"2010-06-27",1.254,FALSE,NA,NA,"<= day","daily",NA,NA,NA
"2010-06-28",1.239,FALSE,NA,NA,"<= day","daily",NA,NA,NA
"2010-06-29",1.248,FALSE,NA,NA,"<= day","daily",NA,NA,NA
"2010-06-30",1.236,FALSE,NA,NA,"<= day","daily",NA,NA,NA
"2010-07-01",1.168,FALSE,NA,NA,"<= day","daily",NA,NA,NA
"2010-07-02",0.973,FALSE,NA,NA,"<= day","daily",NA,NA,NA
"2010-07-03",0.821,FALSE,NA,NA,"<= day","daily",NA,NA,NA
"2010-07-04",0.885,FALSE,NA,NA,"<= day","daily",NA,NA,NA
"2010-07-05",0.889,FALSE,NA,NA,"<= day","daily",NA,NA,NA
"2010-07-06",0.915,FALSE,NA,NA,"<= day","daily",NA,NA,NA
"2010-07-07",0.86,FALSE,NA,NA,"<= day","daily",NA,NA,NA
"2010-07-08",0.846,FALSE,NA,NA,"<= day","daily",NA,NA,NA
"2010-07-09",0.79,FALSE,NA,NA,"<= day","daily",NA,NA,NA
"2010-07-10",0.76,FALSE,NA,NA,"<= day","daily",NA,NA,NA
"2010-07-11",0.787,FALSE,NA,NA,"<= day","daily",NA,NA,NA
"2010-07-12",0.725,FALSE,NA,NA,"<= day","daily",NA,NA,NA
"2010-07-13",0.507,FALSE,NA,NA,"<= day","daily",NA,NA,NA
"2010-07-14",0.542,FALSE,NA,NA,"<= day","daily",NA,NA,NA
"2010-07-15",0.573,FALSE,NA,NA,"<= day","daily",NA,NA,NA
"2010-07-16",0.585,FALSE,NA,NA,"<= day","daily",NA,NA,NA
"2010-07-17",0.624,FALSE,NA,NA,"<= day","daily",NA,NA,NA
"2010-07-18",0.66,FALSE,NA,NA,"<= day","daily",NA,NA,NA
"2010-07-19",0.62,FALSE,NA,NA,"<= day","daily",NA,NA,NA
"2010-07-20",0.593,FALSE,NA,NA,"<= day","daily",NA,NA,NA
"2010-07-21",0.608,FALSE,NA,NA,"<= day","daily",NA,NA,NA
"2010-07-22",0.64,FALSE,NA,NA,"<= day","daily",NA,NA,NA
"2010-07-23",0.634,FALSE,NA,NA,"<= day","daily",NA,NA,NA
"2010-07-24",0.671,FALSE,NA,NA,"<= day","daily",NA,NA,NA
"2010-07-25",0.651,FALSE,NA,NA,"<= day","daily",NA,NA,NA
"2010-07-26",0.614,FALSE,NA,NA,"<= day","daily",NA,NA,NA
"2010-07-27",0.612,FALSE,NA,NA,"<= day","daily",NA,NA,NA
"2010-07-28",0.64,FALSE,NA,NA,"<= day","daily",NA,NA,NA
"2010-07-29",0.615,FALSE,NA,NA,"<= day","daily",NA,NA,NA
"2010-07-30",0.614,FALSE,NA,NA,"<= day","daily",NA,NA,NA
"2010-07-31",0.571,FALSE,NA,NA,"<= day","daily",NA,NA,NA
"2010-08-01",0.578,FALSE,NA,NA,"<= day","daily",NA,NA,NA
"2010-08-02",0.604,FALSE,NA,NA,"<= day","daily",NA,NA,NA
"2010-08-03",0.532,FALSE,NA,NA,"<= day","daily",NA,NA,NA
"2010-08-04",0.511,FALSE,NA,NA,"<= day","daily",NA,NA,NA
"2010-08-05",0.542,FALSE,NA,NA,"<= day","daily",NA,NA,NA
"2010-08-06",0.556,FALSE,NA,NA,"<= day","daily",NA,NA,NA
"2010-08-07",0.541,FALSE,NA,NA,"<= day","daily",NA,NA,NA
"2010-08-08",0.541,FALSE,NA,NA,"<= day","daily",NA,NA,NA
"2010-08-09",0.563,FALSE,NA,NA,"<= day","daily",NA,NA,NA
"2010-08-10",0.551,FALSE,NA,NA,"<= day","daily",NA,NA,NA
"2010-08-11",0.557,FALSE,NA,NA,"<= day","daily",NA,NA,NA
"2010-08-12",0.575,FALSE,NA,NA,"<= day","daily",NA,NA,NA
"2010-08-13",0.61,FALSE,NA,NA,"<= day","daily",NA,NA,NA
"2010-08-14",0.65,FALSE,NA,NA,"<= day","daily",NA,NA,NA
"2010-08-15",0.79,FALSE,NA,NA,"<= day","daily",NA,NA,NA
"2010-08-16",0.846,FALSE,NA,NA,"<= day","daily",NA,NA,NA
"2010-08-17",0.997,FALSE,NA,NA,"<= day","daily",NA,NA,NA
"2010-08-18",1,FALSE,NA,NA,"<= day","daily",NA,NA,NA
"2010-08-19",0.958,FALSE,NA,NA,"<= day","daily",NA,NA,NA
"2010-08-20",0.868,FALSE,NA,NA,"<= day","daily",NA,NA,NA
"2010-08-21",0.712,FALSE,NA,NA,"<= day","daily",NA,NA,NA
"2010-08-22",0.642,FALSE,NA,NA,"<= day","daily",NA,NA,NA
"2010-08-23",0.637,FALSE,NA,NA,"<= day","daily",NA,NA,NA
"2010-08-24",0.64,FALSE,NA,NA,"<= day","daily",NA,NA,NA
"2010-08-25",0.627,FALSE,NA,NA,"<= day","daily",NA,NA,NA
"2010-08-26",0.614,FALSE,NA,NA,"<= day","daily",NA,NA,NA
"2010-08-27",0.679,FALSE,NA,NA,"<= day","daily",NA,NA,NA
"2010-08-28",0.884,FALSE,NA,NA,"<= day","daily",NA,NA,NA
"2010-08-29",0.994,FALSE,NA,NA,"<= day","daily",NA,NA,NA
"2010-08-30",1.022,FALSE,NA,NA,"<= day","daily",NA,NA,NA
"2010-08-31",1.029,FALSE,NA,NA,"<= day","daily",NA,NA,NA
"2010-09-01",0.953,FALSE,NA,NA,"<= day","daily",NA,NA,NA
"2010-09-02",0.967,FALSE,NA,NA,"<= day","daily",NA,NA,NA
"2010-09-03",0.969,FALSE,NA,NA,"<= day","daily",NA,NA,NA
"2010-09-04",0.954,FALSE,NA,NA,"<= day","daily",NA,NA,NA
"2010-09-05",0.896,FALSE,NA,NA,"<= day","daily",NA,NA,NA
"2010-09-06",0.826,FALSE,NA,NA,"<= day","daily",NA,NA,NA
"2010-09-07",0.764,FALSE,NA,NA,"<= day","daily",NA,NA,NA
"2010-09-08",0.757,FALSE,NA,NA,"<= day","daily",NA,NA,NA
"2010-09-09",0.782,FALSE,NA,NA,"<= day","daily",NA,NA,NA
"2010-09-10",0.766,FALSE,NA,NA,"<= day","daily",NA,NA,NA
"2010-09-11",0.757,FALSE,NA,NA,"<= day","daily",NA,NA,NA
"2010-09-12",0.702,FALSE,NA,NA,"<= day","daily",NA,NA,NA
"2010-09-13",0.72,FALSE,NA,NA,"<= day","daily",NA,NA,NA
"2010-09-14",0.793,FALSE,NA,NA,"<= day","daily",NA,NA,NA
"2010-09-15",0.815,FALSE,NA,NA,"<= day","daily",NA,NA,NA
"2010-09-16",0.789,FALSE,NA,NA,"<= day","daily",NA,NA,NA
"2010-09-17",0.776,FALSE,NA,NA,"<= day","daily",NA,NA,NA
"2010-09-18",0.771,FALSE,NA,NA,"<= day","daily",NA,NA,NA
"2010-09-19",0.74,FALSE,NA,NA,"<= day","daily",NA,NA,NA
"2010-09-20",0.754,FALSE,NA,NA,"<= day","daily",NA,NA,NA
"2010-09-21",0.815,FALSE,NA,NA,"<= day","daily",NA,NA,NA
"2010-09-22",0.773,FALSE,NA,NA,"<= day","daily",NA,NA,NA
"2010-09-23",0.734,FALSE,NA,NA,"<= day","daily",NA,NA,NA
"2010-09-24",0.75,FALSE,NA,NA,"<= day","daily",NA,NA,NA
"2010-09-25",0.76,FALSE,NA,NA,"<= day","daily",NA,NA,NA
"2010-09-26",0.765,FALSE,NA,NA,"<= day","daily",NA,NA,NA
"2010-09-27",0.751,FALSE,NA,NA,"<= day","daily",NA,NA,NA
"2010-09-28",0.757,FALSE,NA,NA,"<= day","daily",NA,NA,NA
"2010-09-29",0.771,FALSE,NA,NA,"<= day","daily",NA,NA,NA
"2010-09-30",0.772,FALSE,NA,NA,"<= day","daily",NA,NA,NA
